﻿<?xml version="1.0" ?>
<synergyModuleDescription>
	<config id="config.driver.rspi" path="ssp_cfg/driver/r_rspi_cfg.h" version="0">
		<property default="config.driver.rspi.param_checking_enable.bsp" display="Parameter Checking" id="config.driver.rspi.param_checking_enable">
		    <option display="Default (BSP)" id="config.driver.rspi.param_checking_enable.bsp" value="(BSP_CFG_PARAM_CHECKING_ENABLE)"/>
			<option display="Enabled" id="config.driver.rspi.param_checking_enable.enabled" value="(1)"/>
			<option display="Disabled" id="config.driver.rspi.param_checking_enable.disabled" value="(0)"/>
		</property>
		<content>#define RSPI_CFG_PARAM_CHECKING_ENABLE ${config.driver.rspi.param_checking_enable}
</content>
	</config>
	<module config="config.driver.rspi" display="Driver|Connectivity|${module.driver.spi.name} SPI Driver on r_rspi" id="module.driver.spi_on_rspi" version="1">
        <constraint display="Requires SPI${module.driver.spi.channel} Receive Interrupt (RXI) enabled">
            "${board.icu.spi.spi${module.driver.spi.channel}.rxi}" != "board.icu.common.irq.disabled"
        </constraint>
        <constraint display="Requires SPI${module.driver.spi.channel} Transmit Interrupt (TXI) enabled">
            "${board.icu.spi.spi${module.driver.spi.channel}.txi}" != "board.icu.common.irq.disabled"
        </constraint>
        <constraint display="Requires SPI${module.driver.spi.channel} Error Interrupt (ERI) enabled">
            "${board.icu.spi.spi${module.driver.spi.channel}.eri}" != "board.icu.common.irq.disabled"
        </constraint>  
        <constraint display="Requires SPI${module.driver.spi.channel} Idle Interrupt (IDLE) enabled">
            "${board.icu.spi.spi${module.driver.spi.channel}.idle}" != "board.icu.common.irq.disabled"
        </constraint>  
        <constraint display="Unique name required for each instance">
            "${interface.driver.spi.${module.driver.spi.name}}" === "1"
        </constraint>        
        <constraint display="Requires same priority for RXI and TXI interrupts">
            "${board.icu.spi.spi${module.driver.spi.channel}.rxi}" == "${board.icu.spi.spi${module.driver.spi.channel}.txi}"
        </constraint>
        <requires id="module.driver.spi_on_rspi.requires.transfer_tx" interface="interface.driver.transfer_on_dtc" display="Add DTC Driver for Transmission [Recommended but optional]">
			<override property="module.driver.transfer.size" value="module.driver.transfer.size.size_4_byte"/>
			<override property="module.driver.transfer.mode" value="module.driver.transfer.mode.mode_normal"/>
			<override property="module.driver.transfer.dest_addr_mode" value="module.driver.transfer.dest_addr_mode.addr_mode_fixed"/>
			<override property="module.driver.transfer.src_addr_mode" value="module.driver.transfer.src_addr_mode.addr_mode_incremented"/>
			<override property="module.driver.transfer.repeat_area" value="module.driver.transfer.repeat_area.repeat_area_source"/>
			<override property="module.driver.transfer.p_dest" value="NULL"/>
			<override property="module.driver.transfer.p_src" value="NULL"/>
			<override property="module.driver.transfer.length" value="0"/>
			<override property="module.driver.transfer.interrupt" value="module.driver.transfer.interrupt.interrupt_end"/>
			<override property="module.driver.transfer.num_blocks" value="0"/>
			<override property="module.driver.transfer.auto_enable" value="module.driver.transfer.auto_enable.false"/>
			<override property="module.driver.transfer.p_callback" value="NULL"/>
			<override property="module.driver.transfer.activation_source" value="module.driver.transfer.event.event_spi${module.driver.spi.channel}_txi [Optional]"/>
		</requires>
        <requires id="module.driver.spi_on_rspi.requires.transfer_rx" interface="interface.driver.transfer_on_dtc" display="Add DTC Driver for Reception [Recommended but optional]">
			<override property="module.driver.transfer.size" value="module.driver.transfer.size.size_4_byte"/>
			<override property="module.driver.transfer.mode" value="module.driver.transfer.mode.mode_normal"/>
			<override property="module.driver.transfer.dest_addr_mode" value="module.driver.transfer.dest_addr_mode.addr_mode_incremented"/>
			<override property="module.driver.transfer.src_addr_mode" value="module.driver.transfer.src_addr_mode.addr_mode_fixed"/>
			<override property="module.driver.transfer.repeat_area" value="module.driver.transfer.repeat_area.repeat_area_destination"/>
			<override property="module.driver.transfer.p_dest" value="NULL"/>
			<override property="module.driver.transfer.p_src" value="NULL"/>
			<override property="module.driver.transfer.length" value="0"/>
			<override property="module.driver.transfer.interrupt" value="module.driver.transfer.interrupt.interrupt_end"/>
			<override property="module.driver.transfer.num_blocks" value="0"/>
			<override property="module.driver.transfer.auto_enable" value="module.driver.transfer.auto_enable.false"/>
			<override property="module.driver.transfer.p_callback" value="NULL"/>
			<override property="module.driver.transfer.activation_source" value="module.driver.transfer.event.event_spi${module.driver.spi.channel}_rxi"/>
		</requires>		
        <provides interface="interface.driver.spi" />
        <provides interface="interface.driver.spi_on_spi" />
        <provides interface="interface.driver.spi.${module.driver.spi.name}" />
        <property default="g_spi${_instance}" display="Name" id="module.driver.spi.name">
			<constraint display="Name must be a valid C symbol">testSymbol("${module.driver.spi.name}")</constraint>
        </property>
	    <property default="0" display="Channel" id="module.driver.spi.channel">
			<constraint display="Value must be an integer between 0 and 9">testInteger("${module.driver.spi.channel}")  &amp;&amp; ("${module.driver.spi.channel}" &gt;= 0) &amp;&amp; ("${module.driver.spi.channel}" &lt;= 9)</constraint>
           </property>
		<property default="module.driver.spi.operating_mode.mode_master" display="Operating Mode" id="module.driver.spi.operating_mode">
			<option display="Master" id="module.driver.spi.operating_mode.mode_master" value="SPI_MODE_MASTER"/>
			<option display="Slave" id="module.driver.spi.operating_mode.mode_slave" value="SPI_MODE_SLAVE"/>
		</property>
		<property default="module.driver.spi.clk_phase.clk_phase_edge_odd" display="Clock Phase" id="module.driver.spi.clk_phase">
			<option display="Data sampling on odd edge, data variation on even edge" id="module.driver.spi.clk_phase.clk_phase_edge_odd" value="SPI_CLK_PHASE_EDGE_ODD"/>
			<option display="Data sampling on even edge, data variation on odd edge" id="module.driver.spi.clk_phase.clk_phase_edge_even" value="SPI_CLK_PHASE_EDGE_EVEN"/>
		</property>
		<property default="module.driver.spi.clk_polarity.clk_polarity_low" display="Clock Polarity" id="module.driver.spi.clk_polarity">
			<option display="Low when idle" id="module.driver.spi.clk_polarity.clk_polarity_low" value="SPI_CLK_POLARITY_LOW"/>
			<option display="High when idle" id="module.driver.spi.clk_polarity.clk_polarity_high" value="SPI_CLK_POLARITY_HIGH"/>
		</property>
		<property default="module.driver.spi.mode_fault.mode_fault_error_disable" display="Mode Fault Error" id="module.driver.spi.mode_fault">
			<option display="Enable" id="module.driver.spi.mode_fault.mode_fault_error_enable" value="SPI_MODE_FAULT_ERROR_ENABLE"/>
			<option display="Disable" id="module.driver.spi.mode_fault.mode_fault_error_disable" value="SPI_MODE_FAULT_ERROR_DISABLE"/>
		</property>
		<property default="module.driver.spi.bit_order.bit_order_msb_first" display="Bit Order" id="module.driver.spi.bit_order">
			<option display="MSB First" id="module.driver.spi.bit_order.bit_order_msb_first" value="SPI_BIT_ORDER_MSB_FIRST"/>
			<option display="LSB First" id="module.driver.spi.bit_order.bit_order_lsb_first" value="SPI_BIT_ORDER_LSB_FIRST"/>
		</property>
		<property default="500000" display="Bitrate" id="module.driver.spi.bitrate">
			<constraint display="Value must be an integer greater than 0">testInteger("${module.driver.spi.bitrate}")  &amp;&amp; ("${module.driver.spi.bitrate}" &gt; 0)</constraint>
        </property>
        <property default="NULL" display="Callback" id="module.driver.spi.p_callback">
			<constraint display="Name must be a valid C symbol">testSymbol("${module.driver.spi.p_callback}")</constraint>
        </property>

        <!-- UART Extended configuration -->		
		<property default="module.driver.spi.rspi_clksyn.spi_operation" display="SPI Mode" id="module.driver.spi.rspi_clksyn">
			<option display="SPI Operation" id="module.driver.spi.rspi_clksyn.spi_operation" value="RSPI_OPERATION_SPI"/>
			<option display="Clock Synchronous operation" id="module.driver.spi.rspi_clksyn.bit_order_lsb_first" value="RSPI_OPERATION_CLK_SYN"/>
		</property>
		<property default="module.driver.spi.rspi_comm.full_duplex" display="SPI Communication Mode" id="module.driver.spi.rspi_comm">
			<option display="Full Duplex" id="module.driver.spi.rspi_comm.full_duplex" value="RSPI_COMMUNICATION_FULL_DUPLEX"/>
			<option display="Transmit Only" id="module.driver.spi.rspi_comm.tx_only" value="RSPI_COMMUNICATION_TRANSMIT_ONLY"/>
		</property>
		<property default="module.driver.spi.sslp0.low" display="Slave Select Polarity(SSL0)" id="module.driver.spi.sslp0">
			<option display="Active Low" id="module.driver.spi.sslp0.low" value="RSPI_SSLP_LOW"/>
			<option display="Active High" id="module.driver.spi.sslp0.high" value="RSPI_SSLP_HIGH"/>
		</property>
		<property default="module.driver.spi.sslp1.low" display="Slave Select Polarity(SSL1)" id="module.driver.spi.sslp1">
			<option display="Active Low" id="module.driver.spi.sslp1.low" value="RSPI_SSLP_LOW"/>
			<option display="Active High" id="module.driver.spi.sslp1.high" value="RSPI_SSLP_HIGH"/>
		</property>
		<property default="module.driver.spi.sslp2.low" display="Slave Select Polarity(SSL2)" id="module.driver.spi.sslp2">
			<option display="Active Low" id="module.driver.spi.sslp2.low" value="RSPI_SSLP_LOW"/>
			<option display="Active High" id="module.driver.spi.sslp2.high" value="RSPI_SSLP_HIGH"/>
		</property>
		<property default="module.driver.spi.sslp3.low" display="Slave Select Polarity(SSL3)" id="module.driver.spi.sslp3">
			<option display="Active Low" id="module.driver.spi.sslp3.low" value="RSPI_SSLP_LOW"/>
			<option display="Active High" id="module.driver.spi.sslp3.high" value="RSPI_SSLP_HIGH"/>
		</property>
		<property default="module.driver.spi.looback1.normal" display="Select Loopback1" id="module.driver.spi.looback1">
			<option display="Normal" id="module.driver.spi.looback1.normal" value="RSPI_LOOPBACK1_NORMAL_DATA"/>
			<option display="Inverted" id="module.driver.spi.looback1.inverted" value="RSPI_LOOPBACK1_INVERTED_DATA"/>
		</property>
		<property default="module.driver.spi.looback2.normal" display="Select Loopback2" id="module.driver.spi.looback2">
			<option display="Normal" id="module.driver.spi.looback2.normal" value="RSPI_LOOPBACK2_NORMAL_DATA"/>
			<option display="Inverted" id="module.driver.spi.looback2.inverted" value="RSPI_LOOPBACK2_INVERTED_DATA"/>
		</property>
		<property default="module.driver.spi.mosi_idle_enable.disable" display="Enable MOSI Idle" id="module.driver.spi.mosi_idle_enable">
			<option display="Enable" id="module.driver.spi.mosi_idle_enable.enable" value="RSPI_MOSI_IDLE_VAL_FIXING_ENABLE"/>
			<option display="Disable" id="module.driver.spi.mosi_idle_enable.disable" value="RSPI_MOSI_IDLE_VAL_FIXING_DISABLE"/>
		</property>
		<property default="module.driver.spi.mosi_idle_value.low" display="MOSI Idle State" id="module.driver.spi.mosi_idle_value">
			<option display="MOSI Low" id="module.driver.spi.mosi_idle_value.low" value="RSPI_MOSI_IDLE_FIXED_VAL_LOW"/>
			<option display="MOSI High" id="module.driver.spi.mosi_idle_value.high" value="RSPI_MOSI_IDLE_FIXED_VAL_HIGH"/>
		</property>

		<property default="module.driver.spi.parity_enable.disable" display="Enable Parity" id="module.driver.spi.parity_enable">
			<option display="Enable" id="module.driver.spi.parity_enable.enable" value="RSPI_PARITY_STATE_ENABLE"/>
			<option display="Disable" id="module.driver.spi.parity_enable.disable" value="RSPI_PARITY_STATE_DISABLE"/>
		</property>
		<property default="module.driver.spi.parity_mode.odd" display="Parity Mode" id="module.driver.spi.parity_mode">
			<option display="Parity Odd" id="module.driver.spi.parity_mode.odd" value="RSPI_PARITY_MODE_ODD"/>
			<option display="Parity Even" id="module.driver.spi.parity_mode.even" value="RSPI_PARITY_MODE_EVEN"/>
		</property>
		<property default="module.driver.spi.ssl_select.zero" display="Select SSL(Slave Select)" id="module.driver.spi.ssl_select">
			<option display="SSL0" id="module.driver.spi.ssl_select.zero" value="RSPI_SSL_SELECT_SSL0"/>
			<option display="SSL1" id="module.driver.spi.ssl_select.one" value="RSPI_SSL_SELECT_SSL1"/>
			<option display="SSL2" id="module.driver.spi.ssl_select.two" value="RSPI_SSL_SELECT_SSL2"/>
			<option display="SSL3" id="module.driver.spi.ssl_select.three" value="RSPI_SSL_SELECT_SSL3"/>
		</property>
		<property default="module.driver.spi.ssl_level_keep.not_keep" display="Select SSL Level After Transfer" id="module.driver.spi.ssl_level_keep">
			<option display="SSL Level Keep" id="module.driver.spi.ssl_level_keep.keep" value="RSPI_SSL_LEVEL_KEEP"/>
			<option display="SSL Level Do Not Keep" id="module.driver.spi.ssl_level_keep.not_keep" value="RSPI_SSL_LEVEL_KEEP_NOT"/>
		</property>
		<property default="module.driver.spi.clock_delay_enable.disable" display="Clock Delay Enable" id="module.driver.spi.clock_delay_enable">
			<option display="Clock Delay Enable" id="module.driver.spi.clock_delay_enable.enable" value="RSPI_CLOCK_DELAY_STATE_ENABLE"/>
			<option display="Clock Delay Disable" id="module.driver.spi.clock_delay_enable.disable" value="RSPI_CLOCK_DELAY_STATE_DISABLE"/>
		</property>
		<property default="module.driver.spi.clock_delay_val.one" display="Clock Delay Count" id="module.driver.spi.clock_delay_val">
			<option display="Clock Delay 1 RSPCK" id="module.driver.spi.clock_delay_val.one" value="RSPI_CLOCK_DELAY_COUNT_1"/>
			<option display="Clock Delay 2 RSPCK" id="module.driver.spi.clock_delay_val.two" value="RSPI_CLOCK_DELAY_COUNT_2"/>
			<option display="Clock Delay 3 RSPCK" id="module.driver.spi.clock_delay_val.three" value="RSPI_CLOCK_DELAY_COUNT_3"/>
			<option display="Clock Delay 4 RSPCK" id="module.driver.spi.clock_delay_val.four" value="RSPI_CLOCK_DELAY_COUNT_4"/>
			<option display="Clock Delay 5 RSPCK" id="module.driver.spi.clock_delay_val.five" value="RSPI_CLOCK_DELAY_COUNT_5"/>
			<option display="Clock Delay 6 RSPCK" id="module.driver.spi.clock_delay_val.six" value="RSPI_CLOCK_DELAY_COUNT_6"/>
			<option display="Clock Delay 7 RSPCK" id="module.driver.spi.clock_delay_val.seven" value="RSPI_CLOCK_DELAY_COUNT_7"/>
			<option display="Clock Delay 8 RSPCK" id="module.driver.spi.clock_delay_val.eight" value="RSPI_CLOCK_DELAY_COUNT_8"/>
		</property>
		<property default="module.driver.spi.rspi_ssl_neg_delay_state.disable" display="SSL Negation Delay Enable" id="module.driver.spi.rspi_ssl_neg_delay_state">
			<option display="Negation Delay Enable" id="module.driver.spi.rspi_ssl_neg_delay_state.enable" value="RSPI_SSL_NEGATION_DELAY_ENABLE"/>
			<option display="Negation Delay Disable" id="module.driver.spi.rspi_ssl_neg_delay_state.disable" value="RSPI_SSL_NEGATION_DELAY_DISABLE"/>
		</property>
		<property default="module.driver.spi.rspi_ssl_neg_delay_count.one" display="Negation Delay Count" id="module.driver.spi.rspi_ssl_neg_delay_count">
			<option display="Negation Delay 1 RSPCK" id="module.driver.spi.rspi_ssl_neg_delay_count.one" value="RSPI_SSL_NEGATION_DELAY_1"/>
			<option display="Negation Delay 2 RSPCK" id="module.driver.spi.rspi_ssl_neg_delay_count.two" value="RSPI_SSL_NEGATION_DELAY_2"/>
			<option display="Negation Delay 3 RSPCK" id="module.driver.spi.rspi_ssl_neg_delay_count.three" value="RSPI_SSL_NEGATION_DELAY_3"/>
			<option display="Negation Delay 4 RSPCK" id="module.driver.spi.rspi_ssl_neg_delay_count.four" value="RSPI_SSL_NEGATION_DELAY_4"/>
			<option display="Negation Delay 5 RSPCK" id="module.driver.spi.rspi_ssl_neg_delay_count.five" value="RSPI_SSL_NEGATION_DELAY_5"/>
			<option display="Negation Delay 6 RSPCK" id="module.driver.spi.rspi_ssl_neg_delay_count.six" value="RSPI_SSL_NEGATION_DELAY_6"/>
			<option display="Negation Delay 7 RSPCK" id="module.driver.spi.rspi_ssl_neg_delay_count.seven" value="RSPI_SSL_NEGATION_DELAY_7"/>
			<option display="Negation Delay 8 RSPCK" id="module.driver.spi.rspi_ssl_neg_delay_count.eight" value="RSPI_SSL_NEGATION_DELAY_8"/>
		</property>
		<property default="module.driver.spi.rspi_next_access_delay_state.disable" display="Next Access Delay Enable" id="module.driver.spi.rspi_next_access_delay_state">
			<option display="Next Access Delay Enable" id="module.driver.spi.rspi_next_access_delay_state.enable" value="RSPI_NEXT_ACCESS_DELAY_STATE_ENABLE"/>
			<option display="Next Access Delay Disable" id="module.driver.spi.rspi_next_access_delay_state.disable" value="RSPI_NEXT_ACCESS_DELAY_STATE_DISABLE"/>
		</property>
		<property default="module.driver.spi.rspi_next_access_delay_count.one" display="Next Access Delay Count" id="module.driver.spi.rspi_next_access_delay_count">
			<option display="Next Access Delay 1 RSPCK" id="module.driver.spi.rspi_next_access_delay_count.one" value="RSPI_NEXT_ACCESS_DELAY_COUNT_1"/>
			<option display="Next Access Delay 2 RSPCK" id="module.driver.spi.rspi_next_access_delay_count.two" value="RSPI_NEXT_ACCESS_DELAY_COUNT_2"/>
			<option display="Next Access Delay 3 RSPCK" id="module.driver.spi.rspi_next_access_delay_count.three" value="RSPI_NEXT_ACCESS_DELAY_COUNT_3"/>
			<option display="Next Access Delay 4 RSPCK" id="module.driver.spi.rspi_next_access_delay_count.four" value="RSPI_NEXT_ACCESS_DELAY_COUNT_4"/>
			<option display="Next Access Delay 5 RSPCK" id="module.driver.spi.rspi_next_access_delay_count.five" value="RSPI_NEXT_ACCESS_DELAY_COUNT_5"/>
			<option display="Next Access Delay 6 RSPCK" id="module.driver.spi.rspi_next_access_delay_count.six" value="RSPI_NEXT_ACCESS_DELAY_COUNT_6"/>
			<option display="Next Access Delay 7 RSPCK" id="module.driver.spi.rspi_next_access_delay_count.seven" value="RSPI_NEXT_ACCESS_DELAY_COUNT_7"/>
			<option display="Next Access Delay 8 RSPCK" id="module.driver.spi.rspi_next_access_delay_count.eight" value="RSPI_NEXT_ACCESS_DELAY_COUNT_8"/>
		</property>
        <interrupt node="board.icu.spi.spi${module.driver.spi.channel}.rxi" />
        <interrupt node="board.icu.spi.spi${module.driver.spi.channel}.txi" />
        <interrupt node="board.icu.spi.spi${module.driver.spi.channel}.eri" />
        <interrupt node="board.icu.spi.spi${module.driver.spi.channel}.idle" />		
        <header>
		extern const spi_cfg_t ${module.driver.spi.name}_cfg;
             /** SPI on RSPI Instance. */
            extern const spi_instance_t ${module.driver.spi.name};
#ifdef ${module.driver.spi.p_callback}
#define spi_on_rspi_CALLBACK_USED_${module.driver.spi.name} (0)
#else
#define spi_on_rspi_CALLBACK_USED_${module.driver.spi.name} (1)
#endif
#if spi_on_rspi_CALLBACK_USED_${module.driver.spi.name}
void ${module.driver.spi.p_callback}(spi_callback_args_t * p_args);
#endif
        </header>
		<includes>
#include &quot;r_rspi.h&quot;
#include &quot;r_spi_api.h&quot;</includes>
		<declarations>
#if spi_on_rspi_CALLBACK_USED_${module.driver.spi.name}
#if defined(__ICCARM__)
#define ${module.driver.spi.p_callback}_WEAK_ATTRIBUTE
#pragma weak ${module.driver.spi.p_callback}                            = ${module.driver.spi.p_callback}_internal
#elif defined(__GNUC__)
#define ${module.driver.spi.p_callback}_WEAK_ATTRIBUTE       __attribute__ ((weak, alias("${module.driver.spi.p_callback}_internal")))
#endif
void ${module.driver.spi.p_callback}(spi_callback_args_t * p_args) ${module.driver.spi.p_callback}_WEAK_ATTRIBUTE;
#endif
spi_ctrl_t ${module.driver.spi.name}_ctrl;

/** RSPI extended configuration for RSPI HAL driver */
const spi_on_rspi_cfg_t ${module.driver.spi.name}_ext_cfg_t =
{
    .rspi_clksyn                              = ${module.driver.spi.rspi_clksyn},
    .rspi_comm                                = ${module.driver.spi.rspi_comm},
    .ssl_polarity.rspi_ssl0                   = ${module.driver.spi.sslp0},
    .ssl_polarity.rspi_ssl1                   = ${module.driver.spi.sslp1},
    .ssl_polarity.rspi_ssl2                   = ${module.driver.spi.sslp2},
    .ssl_polarity.rspi_ssl3                   = ${module.driver.spi.sslp3},
    .loopback.rspi_loopback1                  = ${module.driver.spi.looback1},
    .loopback.rspi_loopback2                  = ${module.driver.spi.looback2},
    .mosi_idle.rspi_mosi_idle_fixed_val       = ${module.driver.spi.mosi_idle_value},
    .mosi_idle.rspi_mosi_idle_val_fixing      = ${module.driver.spi.mosi_idle_enable},
    .parity.rspi_parity                       = ${module.driver.spi.parity_enable},
    .parity.rspi_parity_mode                  = ${module.driver.spi.parity_mode},
    .ssl_select                               = ${module.driver.spi.ssl_select},
    .ssl_level_keep                           = ${module.driver.spi.ssl_level_keep},
    .clock_delay.rspi_clock_delay_count       = ${module.driver.spi.clock_delay_val},
    .clock_delay.rspi_clock_delay_state       = ${module.driver.spi.clock_delay_enable},
    .ssl_neg_delay.rspi_ssl_neg_delay_count   = ${module.driver.spi.rspi_ssl_neg_delay_count},
    .ssl_neg_delay.rspi_ssl_neg_delay_state   = ${module.driver.spi.rspi_ssl_neg_delay_state},
    .access_delay.rspi_next_access_delay_count = ${module.driver.spi.rspi_next_access_delay_count},
    .access_delay.rspi_next_access_delay_state = ${module.driver.spi.rspi_next_access_delay_state},
 };

const spi_cfg_t ${module.driver.spi.name}_cfg =
{
    .channel             = ${module.driver.spi.channel},
    .operating_mode      = ${module.driver.spi.operating_mode},
    .clk_phase           = ${module.driver.spi.clk_phase},
    .clk_polarity        = ${module.driver.spi.clk_polarity},
    .mode_fault          = ${module.driver.spi.mode_fault},
    .bit_order           = ${module.driver.spi.bit_order},
    .bitrate             = ${module.driver.spi.bitrate},
#define SYNERGY_NOT_DEFINED (1)            
#if (SYNERGY_NOT_DEFINED == ${module.driver.spi_on_rspi.requires.transfer_tx::module.driver.transfer.name})
                .p_transfer_tx       = NULL,
#else
                .p_transfer_tx       = &amp;${module.driver.spi_on_rspi.requires.transfer_tx::module.driver.transfer.name},
#endif
#if (SYNERGY_NOT_DEFINED == ${module.driver.spi_on_rspi.requires.transfer_rx::module.driver.transfer.name})
                .p_transfer_rx       = NULL,
#else
                .p_transfer_rx       = &amp;${module.driver.spi_on_rspi.requires.transfer_rx::module.driver.transfer.name},
#endif
#undef SYNERGY_NOT_DEFINED
	.p_callback          = ${module.driver.spi.p_callback},
	.p_context           = (void *)&amp;${module.driver.spi.name},
	.p_extend            = (void *)&amp;${module.driver.spi.name}_ext_cfg_t,
};
/* Instance structure to use this module. */
const spi_instance_t ${module.driver.spi.name} = 
{
    .p_ctrl        = &amp;${module.driver.spi.name}_ctrl,
    .p_cfg         = &amp;${module.driver.spi.name}_cfg,
    .p_api         = &amp;g_spi_on_rspi
};

#if spi_on_rspi_CALLBACK_USED_${module.driver.spi.name}
/*******************************************************************************************************************//**
 * @brief      This is a weak example callback function.  It should be overridden by defining a user callback function 
 *             with the prototype below.
 *               - void ${module.driver.spi.p_callback}(spi_callback_args_t * p_args)
 *
 * @param[in]  p_args  Callback arguments used to identify what caused the callback.
 **********************************************************************************************************************/
void ${module.driver.spi.p_callback}_internal(spi_callback_args_t * p_args);
void ${module.driver.spi.p_callback}_internal(spi_callback_args_t * p_args)
{
	/** Do nothing. */
    SSP_PARAMETER_NOT_USED(p_args);
}
#endif
</declarations>
	</module>
</synergyModuleDescription>
