﻿<?xml version="1.0" ?>
<synergyModuleDescription>
    <config id="config.driver.ssi" path="ssp_cfg/driver/r_ssi_cfg.h" version="0">
        <property default="config.driver.ssi.param_checking_enable.bsp" display="Parameter Checking" id="config.driver.ssi.param_checking_enable">
            <option display="Default (BSP)" id="config.driver.ssi.param_checking_enable.bsp" value="(BSP_CFG_PARAM_CHECKING_ENABLE)"/>
            <option display="Enabled" id="config.driver.ssi.param_checking_enable.enabled" value="(1)"/>
            <option display="Disabled" id="config.driver.ssi.param_checking_enable.disabled" value="(0)"/>
        </property>
        <content>
            #define SSI_CFG_PARAM_CHECKING_ENABLE ${config.driver.ssi.param_checking_enable}
        </content>
    </config>
    <module config="config.driver.ssi" display="Driver|Connectivity|${module.driver.i2s.name} I2S Driver on r_ssi" id="module.driver.i2s_on_ssi" version="1">
        <constraint display="Requires SSI${module.driver.i2s.channel} Transmit Interrupt (TXI) enabled or SSI${module.driver.i2s.channel} Receive Interrupt (RXI) enabled">
            "0" != "${module.driver.i2s.channel}" || (("${board.icu.ssi.ssi${module.driver.i2s.channel}.rxi}" != "board.icu.common.irq.disabled") || ("${board.icu.ssi.ssi${module.driver.i2s.channel}.txi}" != "board.icu.common.irq.disabled"))
        </constraint>
        <constraint display="Requires SSI${module.driver.i2s.channel} Transmit/Receive Interrupt (TXI RXI) enabled">
            "1" != "${module.driver.i2s.channel}" || ("${board.icu.ssi.ssi${module.driver.i2s.channel}.txi_rxi}" != "board.icu.common.irq.disabled")
        </constraint>
		<constraint display="Requires SSI${module.driver.i2s.channel} Error Interrupt (INT) enabled">
            "${board.icu.ssi.ssi${module.driver.i2s.channel}.int}" != "board.icu.common.irq.disabled"
        </constraint>
		<constraint display="Unique name required for each instance">
            "${interface.driver.i2s.${module.driver.i2s.name}}" === "1"
	    </constraint>
        <requires id="module.driver.i2s_on_ssi.requires.transfer_tx" interface="interface.driver.transfer_on_dtc" display="Add DTC Driver for Transmission [Recommended but optional]">
			<override property="module.driver.transfer.size" value="module.driver.transfer.size.size_4_byte"/>
			<override property="module.driver.transfer.mode" value="module.driver.transfer.mode.mode_normal"/>
			<override property="module.driver.transfer.dest_addr_mode" value="module.driver.transfer.dest_addr_mode.addr_mode_fixed"/>
			<override property="module.driver.transfer.src_addr_mode" value="module.driver.transfer.src_addr_mode.addr_mode_incremented"/>
			<override property="module.driver.transfer.repeat_area" value="module.driver.transfer.repeat_area.repeat_area_source"/>
			<override property="module.driver.transfer.p_dest" value="NULL"/>
			<override property="module.driver.transfer.p_src" value="NULL"/>
			<override property="module.driver.transfer.length" value="0"/>
			<override property="module.driver.transfer.interrupt" value="module.driver.transfer.interrupt.interrupt_end"/>
			<override property="module.driver.transfer.num_blocks" value="0"/>
			<override property="module.driver.transfer.auto_enable" value="module.driver.transfer.auto_enable.false"/>
			<override property="module.driver.transfer.p_callback" value="NULL"/>
			<override property="module.driver.transfer.event" value="module.driver.transfer.event.event_ssi${module.driver.i2s.channel}_txi"/>
		</requires>
        <requires id="module.driver.i2s_on_ssi.requires.transfer_rx" interface="interface.driver.transfer_on_dtc" display="Add DTC Driver for Reception [Recommended but optional]">
			<override property="module.driver.transfer.size" value="module.driver.transfer.size.size_4_byte"/>
			<override property="module.driver.transfer.mode" value="module.driver.transfer.mode.mode_normal"/>
			<override property="module.driver.transfer.dest_addr_mode" value="module.driver.transfer.dest_addr_mode.addr_mode_incremented"/>
			<override property="module.driver.transfer.src_addr_mode" value="module.driver.transfer.src_addr_mode.addr_mode_fixed"/>
			<override property="module.driver.transfer.repeat_area" value="module.driver.transfer.repeat_area.repeat_area_destination"/>
			<override property="module.driver.transfer.p_dest" value="NULL"/>
			<override property="module.driver.transfer.p_src" value="NULL"/>
			<override property="module.driver.transfer.length" value="0"/>
			<override property="module.driver.transfer.interrupt" value="module.driver.transfer.interrupt.interrupt_end"/>
			<override property="module.driver.transfer.num_blocks" value="0"/>
			<override property="module.driver.transfer.auto_enable" value="module.driver.transfer.auto_enable.false"/>
			<override property="module.driver.transfer.p_callback" value="NULL"/>
			<override property="module.driver.transfer.event" value="module.driver.transfer.event.event_ssi${module.driver.i2s.channel}_rxi"/>
		</requires>
        <requires id="module.driver.i2s_on_ssi.requires.timer" interface="interface.driver.timer" display="Add Timer Driver" >
			<override property="module.driver.timer.mode" value="module.driver.timer.mode.mode_periodic"/>
			<override property="module.driver.timer.period" value="${module.driver.i2s.audio_clk_freq_hz} * 2"/>
			<override property="module.driver.timer.unit" value="module.driver.timer.unit.unit_frequency_hz"/>
			<override property="module.driver.timer.p_callback" value="NULL"/>
			<override property="module.driver.timer.autostart" value="module.driver.timer.autostart.false"/>
		</requires>
        <provides interface="interface.driver.i2s" />
        <provides interface="interface.driver.i2s_on_ssi" />
        <provides interface="interface.driver.i2s.${module.driver.i2s.name}" />
        <property default="g_i2s${_instance}" display="Name" id="module.driver.i2s.name">
            <constraint display="Name must be a valid C symbol">testSymbol("${module.driver.i2s.name}")</constraint>
        </property>
        
        <!-- I2S interface configuration -->
        <property default="0" display="Channel" id="module.driver.i2s.channel">
            <constraint display="Value must be an integer between 0 and 1">testInteger("${module.driver.i2s.channel}")  &amp;&amp; ("${module.driver.i2s.channel}" &gt;= 0) &amp;&amp; ("${module.driver.i2s.channel}" &lt;= 1)</constraint>
        </property>
        <property default="2822400" display="Audio Clock Frequency (Hertz)" id="module.driver.i2s.audio_clk_freq_hz">
            <constraint display="Value must be an integer">testInteger("${module.driver.i2s.audio_clk_freq_hz}")</constraint>
        </property>
        <property default="44100" display="Sampling Frequency (Hertz)" id="module.driver.i2s.sampling_freq_hz">
            <constraint display="Value must be an integer">testInteger("${module.driver.i2s.sampling_freq_hz}")</constraint>
        </property>
        <property default="module.driver.i2s.pcm_width.pcm_width_16" display="Data Bits" id="module.driver.i2s.pcm_width">
            <option display="8 Bits" id="module.driver.i2s.pcm_width.pcm_width_8" value="I2S_PCM_WIDTH_8_BITS"/>
            <option display="16 Bits" id="module.driver.i2s.pcm_width.pcm_width_16" value="I2S_PCM_WIDTH_16_BITS"/>
            <option display="18 Bits" id="module.driver.i2s.pcm_width.pcm_width_18" value="I2S_PCM_WIDTH_18_BITS"/>
            <option display="20 Bits" id="module.driver.i2s.pcm_width.pcm_width_20" value="I2S_PCM_WIDTH_20_BITS"/>
            <option display="22 Bits" id="module.driver.i2s.pcm_width.pcm_width_22" value="I2S_PCM_WIDTH_22_BITS"/>
            <option display="24 Bits" id="module.driver.i2s.pcm_width.pcm_width_24" value="I2S_PCM_WIDTH_24_BITS"/>
        </property>
        <property default="module.driver.i2s.word_length.word_length_16" display="Word Length" id="module.driver.i2s.word_length">
            <option display="8 Bits" id="module.driver.i2s.word_length.word_length_8" value="I2S_WORD_LENGTH_8_BITS"/>
            <option display="16 Bits" id="module.driver.i2s.word_length.word_length_16" value="I2S_WORD_LENGTH_16_BITS"/>
            <option display="24 Bits" id="module.driver.i2s.word_length.word_length_24" value="I2S_WORD_LENGTH_24_BITS"/>
            <option display="32 Bits" id="module.driver.i2s.word_length.word_length_32" value="I2S_WORD_LENGTH_32_BITS"/>
        </property>
        <property default="module.driver.i2s.ws_continue.ws_continue_off" display="WS Continue Mode" id="module.driver.i2s.ws_continue" description="Enable WS continue mode to output the word select (WS) pin even when transmission is idle.">
            <option display="Enabled" id="module.driver.i2s.ws_continue.ws_continue_off" value="I2S_WS_CONTINUE_OFF"/>
            <option display="Disabled" id="module.driver.i2s.ws_continue.ws_continue_on" value="I2S_WS_CONTINUE_ON"/>
        </property>
        <!-- External defined callback function -->
        <property default="NULL" display="Name of I2S callback function to be defined by user" id="module.driver.i2s.callback">
            <constraint display="Name must be a valid C symbol">testSymbol("${module.driver.i2s.callback}")</constraint>
        </property>

        <interrupt node="board.icu.ssi.ssi${module.driver.i2s.channel}.rxi" />
        <interrupt node="board.icu.ssi.ssi${module.driver.i2s.channel}.txi" />
        <interrupt node="board.icu.ssi.ssi${module.driver.i2s.channel}.txi_rxi" />
        <interrupt node="board.icu.ssi.ssi${module.driver.i2s.channel}.int" />

        <header>
            /** UART on SCI Instance. */
            extern const i2s_instance_t      ${module.driver.i2s.name};
#ifdef ${module.driver.i2s.callback}
#define I2S_ON_SSI_CALLBACK_USED_${module.driver.i2s.name} (0)
#else
#define I2S_ON_SSI_CALLBACK_USED_${module.driver.i2s.name} (1)
#endif
#if I2S_ON_SSI_CALLBACK_USED_${module.driver.i2s.name}
void ${module.driver.i2s.callback}(i2s_callback_args_t * p_args);
#endif
        </header>
        <includes>
            #include &quot;r_i2s_api.h&quot;
            #include &quot;r_ssi.h&quot;
        </includes>
        <declarations>
#if I2S_ON_SSI_CALLBACK_USED_${module.driver.i2s.name}
#if defined(__ICCARM__)
#define ${module.driver.i2s.callback}_WEAK_ATTRIBUTE
#pragma weak ${module.driver.i2s.callback}  = ${module.driver.i2s.callback}_internal
#elif defined(__GNUC__)
#define ${module.driver.i2s.callback}_WEAK_ATTRIBUTE   __attribute__ ((weak, alias("${module.driver.i2s.callback}_internal")))
#endif
void ${module.driver.i2s.callback}(i2s_callback_args_t * p_args) ${module.driver.i2s.callback}_WEAK_ATTRIBUTE;
#endif

            i2s_ctrl_t     ${module.driver.i2s.name}_ctrl;
			
            /** I2S interface configuration */
            const i2s_cfg_t ${module.driver.i2s.name}_cfg =
            {
                .channel             = ${module.driver.i2s.channel},
                .pcm_width           = ${module.driver.i2s.pcm_width},
                .audio_clk_freq_hz   = ${module.driver.i2s.audio_clk_freq_hz},
                .sampling_freq_hz    = ${module.driver.i2s.sampling_freq_hz},
                .word_length         = ${module.driver.i2s.word_length},
                .ws_continue         = ${module.driver.i2s.ws_continue},
                .p_callback          = ${module.driver.i2s.callback},
                .p_context           = &amp;${module.driver.i2s.name},
                .p_extend            = NULL,
#define SYNERGY_NOT_DEFINED (1)
#if (SYNERGY_NOT_DEFINED == ${module.driver.i2s_on_ssi.requires.transfer_tx::module.driver.transfer.name})
                .p_transfer_tx       = NULL,
#else
                .p_transfer_tx       = &amp;${module.driver.i2s_on_ssi.requires.transfer_tx::module.driver.transfer.name},
#endif
#if (SYNERGY_NOT_DEFINED == ${module.driver.i2s_on_ssi.requires.transfer_rx::module.driver.transfer.name})
                .p_transfer_rx       = NULL,
#else
                .p_transfer_rx       = &amp;${module.driver.i2s_on_ssi.requires.transfer_tx::module.driver.transfer.name},
#endif
#if (SYNERGY_NOT_DEFINED == ${module.driver.i2s_on_ssi.requires.timer::module.driver.timer.name})
                .p_timer             = NULL,
#else
                .p_timer             = &amp;${module.driver.i2s_on_ssi.requires.timer::module.driver.timer.name},
#endif
#undef SYNERGY_NOT_DEFINED            
            };

/* Instance structure to use this module. */
const i2s_instance_t ${module.driver.i2s.name} = 
{
    .p_ctrl        = &amp;${module.driver.i2s.name}_ctrl,
    .p_cfg         = &amp;${module.driver.i2s.name}_cfg,
    .p_api         = &amp;g_i2s_on_ssi
};            

#if I2S_ON_SSI_CALLBACK_USED_${module.driver.i2s.name}
/*******************************************************************************************************************//**
 * @brief      This is a weak example callback function.  It should be overridden by defining a user callback function 
 *             with the prototype below.
 *               - void ${module.driver.i2s.callback}(i2s_callback_args_t * p_args)
 *
 * @param[in]  p_args  Callback arguments used to identify what caused the callback.
 **********************************************************************************************************************/
void ${module.driver.i2s.callback}_internal(i2s_callback_args_t * p_args)
{
	/** Do nothing. */
}
#endif
        </declarations>
    </module>
</synergyModuleDescription>
