<?xml version="1.0" encoding="UTF-8"?>

<synergyModuleDescription>
    <config id="config.skkynet.etk.app.modbus" path="" version="0">
      <content>
      </content>
    </config>
	
    <module config="config.skkynet.etk.app.modbus"
            display="Skkynet|ETK|Skkynet ETK Modbus Application Framework" id="module.skkynet.etk.app.modbus" version="0">

	  <constraint display="Requires one Skkynet ETK Application instance named ${module.skkynet.etk.app.modbus.lowerlevelname}">
		"${interface.skkynet.etk.${module.skkynet.etk.app.modbus.lowerlevelname}}" === "1"
	  </constraint>

	  <constraint display="Requires one Skkynet ETK Modbus instance named ${module.skkynet.etk.app.modbus.modbusname}">
		"${interface.skkynet.etk.${module.skkynet.etk.app.modbus.modbusname}}" === "1"
	  </constraint>
	  
	  <requires interface="interface.skkynet.etk.${module.skkynet.etk.app.modbus.lowerlevelname}" />
	  <requires interface="interface.skkynet.etk.${module.skkynet.etk.app.modbus.modbusname}" />
	  
      <provides interface="interface.skkynet.etk.app.modbus" />

      <property id="module.skkynet.etk.app.modbus.lowerlevelname" display="Lower Level Name" default="app">
        <constraint display="Name must be a valid C symbol">testSymbol("${module.skkynet.etk.app.modbus.lowerlevelname}")</constraint>
	  </property>
      <property id="module.skkynet.etk.app.modbus.modbusname" display="Lower Level Name" default="modbus">
        <constraint display="Name must be a valid C symbol">testSymbol("${module.skkynet.etk.app.modbus.modbusname}")</constraint>
	  </property>
	  
    </module>
</synergyModuleDescription>
