<?xml version="1.0" encoding="UTF-8"?>

<synergyModuleDescription>
    <config id="config.skkynet.etk" path="ssp_cfg/framework/skkynet/skkynet_user.h" version="0">
      <property id="module.skkynet.etk.heap" display="Heap Size" default="65536">
        <constraint display="Value must be an integer">testInteger("${module.skkynet.etk.heap}")</constraint>
	  </property>
      <property id="module.skkynet.etk.dhcp" display="Use DHCP" default="module.skkynet.etk.dhcp.on">
		<option display="Yes" value="1" id="module.skkynet.etk.dhcp.on"/>
		<option display="No" value="0" id="module.skkynet.etk.dhcp.off"/>
	  </property>
      <property id="module.skkynet.etk.dns" display="Use DNS" default="module.skkynet.etk.dns.on">
		<option display="Yes" value="1" id="module.skkynet.etk.dns.on"/>
		<option display="No" value="0" id="module.skkynet.etk.dns.off"/>
	  </property>
	  
      <content>
#define USE_MODBUS ${interface.skkynet.etk.modbus}
#define ETK_USER_HEAP_SIZE ${module.skkynet.etk.heap}
#define ETK_USER_USE_DNS ${module.skkynet.etk.dns}
#define ETK_USER_USE_DHCP ${module.skkynet.etk.dhcp}
      </content>
    </config>
    <module config="config.skkynet.etk"
            display="Skkynet|ETK|Skkynet ETK" id="module.skkynet.etk" version="0">

	  <constraint display="Requires one NetX instance named ${module.skkynet.etk.lowerlevelname}">
		"${interface.el.nx.${module.skkynet.etk.lowerlevelname}}" === "1"
	  </constraint>
	  <requires interface="interface.el.nx.${module.skkynet.etk.lowerlevelname}" />
	  
      <requires interface="_rtos" />

      <provides interface="interface.skkynet.etk" />

      <property id="module.skkynet.etk.lowerlevelname" display="Lower Level Name" default="g_nx">
        <constraint display="Name must be a valid C symbol">testSymbol("${module.skkynet.etk.lowerlevelname}")</constraint>
	  </property>
	  
	  <!--
      <property id="module.skkynet.etk.lowerlevelname" display="Lower Level Name" default="g_sf_el_nx">
        <constraint display="Name must be a valid C symbol">testSymbol("${module.skkynet.etk.lowerlevelname}")</constraint>
	  </property>

	  <constraint display="Requires one NetX instance named ${module.skkynet.etk.lowerlevelname}">
	  "${interface.el.nx.${module.skkynet.etk.lowerlevelname}}" === "1"
	  </constraint>
	  
	  <requires interface="interface.framework.sf_el_nx.${module.skkynet.etk.lowerlevelname}" />
	  
      <property default="skkynet_etk" display="Name" id="module.skkynet.etk.name">
        <constraint display="Name must be a valid C symbol">testSymbol("${module.skkynet.etk.name}")</constraint>
      </property>
	  -->
	  
    </module>
</synergyModuleDescription>
