﻿<?xml version="1.0" ?>
<synergyModuleDescription>
	<config id="config.framework.sf_el_ux_comms" path="ssp_cfg/framework/sf_el_ux_comms_cfg.h" version="0">
		<property default="config.framework.sf_comms.param_checking_enable.bsp" display="Parameter Checking" id="config.framework.sf_comms.param_checking_enable">
            <option display="Default (BSP)" id="config.driver.sf_audio_playback.param_checking_enable.bsp" value="(BSP_CFG_PARAM_CHECKING_ENABLE)"/>
			<option display="Enabled" id="config.framework.sf_comms.param_checking_enable.enabled" value="(1)"/>
			<option display="Disabled" id="config.framework.sf_comms.param_checking_enable.disabled" value="(0)"/>
		</property>
		<property default="65536" display="Memory Size (Bytes)" id="config.framework.sf_comms.memory_size">
            <constraint display="Value must be greater than 0">testInteger("${config.framework.sf_comms.memory_size}") &amp;&amp; "${config.framework.sf_comms.memory_size}" &gt; 0</constraint>
 		</property>
		<property default="128" display="Read Input Buffer Size (Bytes)" id="config.framework.sf_comms.read_size">
            <constraint display="Value must be greater than 0">testInteger("${config.framework.sf_comms.read_size}") &amp;&amp; "${config.framework.sf_comms.read_size}" &gt; 0</constraint>
 		</property>
		<content>#define SF_EL_UX_COMMS_CFG_PARAM_CHECKING_ENABLE ${config.framework.sf_comms.param_checking_enable}
#define SF_EL_UX_COMMS_CFG_USB_MEMORY_SIZE_BYTES (${config.framework.sf_comms.memory_size})
#define SF_EL_UX_COMMS_CFG_BUFFER_MAX_LENGTH (${config.framework.sf_comms.read_size})
</content>
	</config>
	<module config="config.framework.sf_el_ux_comms" display="Framework|Connectivity|${module.framework.sf_comms.name} Communications Framework on sf_el_ux_comms" id="module.framework.sf_el_ux_comms" version="1">
        <constraint display="Module instances must have unique names">
            "${interface.framework.sf_comms.${module.framework.sf_comms.name}}" === "1"
        </constraint>
        <requires interface="_rtos" />
        <requires id="module.framework.sf_el_ux_comms.requires.ux_device_class_cdc_acm" interface="interface.el.ux_device_class_cdc_acm" display="Add USBX Device Class CDC ACM Framework" />        
        <provides interface="interface.framework.sf_comms" />
        <provides interface="interface.framework.sf_comms_on_sf_el_ux_comms" />
        <provides interface="interface.framework.sf_comms.${module.framework.sf_comms.name}" />
        <property default="g_sf_comms${_instance}" display="Name" id="module.framework.sf_comms.name">
            <constraint display="Name must be a valid C symbol">testSymbol("${module.framework.sf_comms.name}")</constraint>
        </property>
        <header>
            extern const sf_comms_instance_t ${module.framework.sf_comms.name};
        </header>
		<includes>#include &quot;sf_el_ux_comms.h&quot;
#include &quot;sf_comms_api.h&quot;</includes>
		<declarations>sf_comms_ctrl_t ${module.framework.sf_comms.name}_ctrl;
sf_el_ux_comms_on_comms_ctrl_t ${module.framework.sf_comms.name}_ctrl_extend;
sf_el_ux_comms_on_comms_cfg_t ${module.framework.sf_comms.name}_cfg_extend =
{
    .p_ctrl   = &amp;${module.framework.sf_comms.name}_ctrl_extend,
};
const sf_comms_cfg_t ${module.framework.sf_comms.name}_cfg =
{
    .p_extend = &amp;${module.framework.sf_comms.name}_cfg_extend
};
/* Instance structure to use this module. */
const sf_comms_instance_t ${module.framework.sf_comms.name} = 
{
    .p_ctrl        = &amp;${module.framework.sf_comms.name}_ctrl,
    .p_cfg         = &amp;${module.framework.sf_comms.name}_cfg,
    .p_api         = &amp;g_sf_el_ux_comms_on_sf_comms
};
</declarations>
        <init>
            ssp_err_t ssp_err_${module.framework.sf_comms.name};
            ssp_err_${module.framework.sf_comms.name} = ${module.framework.sf_comms.name}.p_api->open(${module.framework.sf_comms.name}.p_ctrl, ${module.framework.sf_comms.name}.p_cfg);
            if (SSP_SUCCESS != ssp_err_${module.framework.sf_comms.name})
            {
                while (1);
            }
        </init>
	</module>
</synergyModuleDescription>
