<?xml version="1.0" ?>
<synergyModuleDescription>
    <config id="config.framework.sf_touch_ctsu_slider" path="ssp_cfg/framework/sf_touch_ctsu_slider_cfg.h" version="0">
        <property default="config.framework.sf_touch_ctsu_slider.param_checking_enable.bsp" display="Parameter Checking" id="config.framework.sf_touch_ctsu_slider.param_checking_enable">
            <option display="Default (BSP)" id="config.driver.sf_touch_ctsu_slider.param_checking_enable.bsp" value="(BSP_CFG_PARAM_CHECKING_ENABLE)"/>
            <option display="Enabled" id="config.framework.sf_touch_ctsu_slider.param_checking_enable.enabled" value="(1)"/>
            <option display="Disabled" id="config.framework.sf_touch_ctsu_slider.param_checking_enable.disabled" value="(0)"/>
        </property>
        <property default="1" display="Number of Sliders/Wheels" id="config.framework.sf_touch_ctsu_slider.slider_count">
            <constraint display="Value must be between 1 and 36 inclusive">testInteger("${config.framework.sf_touch_ctsu_slider.slider_count}")  &amp;&amp; ("${config.framework.sf_touch_ctsu_slider.slider_count}" &gt;= 1) &amp;&amp; ("${config.framework.sf_touch_ctsu_slider.slider_count}" &lt;= 36)</constraint>
        </property>
        <property default="config.framework.sf_touch_ctsu_slider.multi_touch_enable.enabled" display="Multi touch enable" id="config.framework.sf_touch_ctsu_slider.multi_touch_enable">
            <option display="Enabled" id="config.framework.sf_touch_ctsu_slider.multi_touch_enable.enabled" value="(1)"/>
            <option display="Disabled" id="config.framework.sf_touch_ctsu_slider.multi_touch_enable.disabled" value="(0)"/>
        </property>
        <content>
		#define SF_TOUCH_CTSU_SLIDER_CFG_PARAM_CHECKING_ENABLE          ${config.framework.sf_touch_ctsu_slider.param_checking_enable}
        /** Specify the maximum number of sliders/wheels to be used */
        #define SF_TOUCH_CTSU_SLIDER_CFG_USER_SUPPORTED_SLIDERS         (${config.framework.sf_touch_ctsu_slider.slider_count})
        /** Multi touch enable or disable */
        #define SF_TOUCH_CTSU_SLIDER_CFG_MULTI_TOUCH_ENABLE             (${config.framework.sf_touch_ctsu_slider.multi_touch_enable})
		</content>
    </config>

    <module config="config.framework.sf_touch_ctsu_slider" display="Framework|Input|${module.framework.sf_touch_ctsu_slider.name} Cap Touch Slider/Wheel Framework on sf_touch_ctsu_slider" id="module.framework.sf_touch_ctsu_slider" version="1">
        <constraint display="Unique name required for each instance">
            "${interface.framework.sf_touch_ctsu_slider.${module.framework.sf_touch_ctsu_slider.name}}" === "1"
        </constraint>
		<requires interface="_rtos" />
        <requires id="module.framework.sf_touch_ctsu_slider.requires.sf_touch_ctsu" interface ="interface.framework.sf_touch_ctsu" display="Add Capacitive Touch Framework"/>
        <provides interface="interface.framework.sf_touch_ctsu_slider" />
        <provides interface="interface.framework.sf_touch_ctsu_slider.${module.framework.sf_touch_ctsu_slider.name}" />
        <property default="g_sf_touch_slider${_instance}" display="Name" id="module.framework.sf_touch_ctsu_slider.name">
            <constraint display="Name must be a valid C symbol">testSymbol("${module.framework.sf_touch_ctsu_slider.name}")</constraint>
        </property>
        <property default="all_sliders" display="Slider/Wheel Configuration Structure Name (generated by Workbench)" id="module.framework.sf_touch_ctsu_slider.slider_cfg_name"  >
            <constraint display="Name must be a valid C symbol">testSymbol("${module.framework.sf_touch_ctsu_slider.slider_cfg_name}")</constraint>
        </property>
        <property id="module.framework.sf_touch_ctsu_slider.p_callback" display="Callback" default="g_slider_framework_user_callback">
            <constraint display="Name must be a valid C symbol">testSymbol("${module.framework.sf_touch_ctsu_slider.p_callback}")</constraint>
        </property>  
    
    <header>
        /** SF Touch CTSU Slider/Wheel instance */
        extern sf_touch_ctsu_slider_instance_t ${module.framework.sf_touch_ctsu_slider.name};
        #ifdef ${module.framework.sf_touch_ctsu_slider.p_callback}
        #define SF_TOUCH_SLIDER_CALLBACK_USED_${module.framework.sf_touch_ctsu_slider.name} (0)
        #else
        #define SF_TOUCH_SLIDER_CALLBACK_USED_${module.framework.sf_touch_ctsu_slider.name} (1)
        #endif
        #if SF_TOUCH_SLIDER_CALLBACK_USED_${module.framework.sf_touch_ctsu_slider.name}
        /** Declaration of user callback function. This function MUST be defined in the user application.*/
        void ${module.framework.sf_touch_ctsu_slider.p_callback}(sf_touch_ctsu_slider_callback_args_t * p_args);
        #endif
    </header>
    <includes>
		#include &quot;sf_touch_ctsu_slider.h&quot;
		</includes>
    <declarations>
        #if SF_TOUCH_SLIDER_CALLBACK_USED_${module.framework.sf_touch_ctsu_slider.name}
        void ${module.framework.sf_touch_ctsu_slider.p_callback}(sf_touch_ctsu_slider_callback_args_t * p_args);
        #endif
        extern sf_slider_on_ctsu_cfg_t* ${module.framework.sf_touch_ctsu_slider.slider_cfg_name}[SF_TOUCH_CTSU_SLIDER_CFG_USER_SUPPORTED_SLIDERS];
		sf_touch_ctsu_slider_ctrl_t ${module.framework.sf_touch_ctsu_slider.name}_ctrl;
		sf_touch_ctsu_slider_cfg_t ${module.framework.sf_touch_ctsu_slider.name}_cfg =
		{
			.p_lower_lvl_touch_framework    = &amp;${module.framework.sf_touch_ctsu_slider.requires.sf_touch_ctsu::module.framework.sf_touch_ctsu.name},
            .slider_count                   = SF_TOUCH_CTSU_SLIDER_CFG_USER_SUPPORTED_SLIDERS,
            .p_callback                     = ${module.framework.sf_touch_ctsu_slider.p_callback},
            .p_context                      = NULL,
			.p_extend                       = ${module.framework.sf_touch_ctsu_slider.slider_cfg_name},
		};

         sf_touch_ctsu_slider_instance_t ${module.framework.sf_touch_ctsu_slider.name} =
        {
            .p_ctrl = &amp;${module.framework.sf_touch_ctsu_slider.name}_ctrl,
            .p_cfg  = &amp;${module.framework.sf_touch_ctsu_slider.name}_cfg,
            .p_api  = &amp;g_sf_touch_ctsu_slider_on_sf_touch_ctsu,
        };
	</declarations>
        <init>
		ssp_err_t ssp_err_${module.framework.sf_touch_ctsu_slider.name};
		ssp_err_${module.framework.sf_touch_ctsu_slider.name} = ${module.framework.sf_touch_ctsu_slider.name}.p_api->open(${module.framework.sf_touch_ctsu_slider.name}.p_ctrl, ${module.framework.sf_touch_ctsu_slider.name}.p_cfg);
        if (SSP_SUCCESS != ssp_err_${module.framework.sf_touch_ctsu_slider.name})
        {
            while (1);
        }
        </init>
    </module>
</synergyModuleDescription>
