﻿<?xml version="1.0" ?>
<synergyModuleDescription>
	<config id="config.driver.flash_lp" path="ssp_cfg/driver/r_flash_cfg.h" version="1">
		<property default="config.driver.flash_lp.param_checking_enable.bsp" display="Parameter Checking" id="config.driver.flash_lp.param_checking_enable">
            <option display="Default (BSP)" id="config.flash_lp.param_checking_enable.bsp" value="(BSP_CFG_PARAM_CHECKING_ENABLE)"/>
			<option display="Enabled" id="config.driver.flash_lp.param_checking_enable.enabled" value="(1)"/>
			<option display="Disabled" id="config.driver.flash_lp.param_checking_enable.disabled" value="(0)"/>
		</property>
		<property default="config.driver.flash_lp.param_code_flash_programming_enable.disabled" display="Code Flash Programming Enable" id="config.driver.flash_lp.param_code_flash_programming_enable">
			<option display="Enabled" id="config.driver.flash_lp.param_code_flash_programming_enable.enabled" value="(1)"/>
			<option display="Disabled" id="config.driver.flash_lp.param_code_flash_programming_enable.disabled" value="(0)"/>
		</property>	
		<content>#define FLASH_CFG_PARAM_CHECKING_ENABLE ${config.driver.flash_lp.param_checking_enable}
		         #define FLASH_CFG_PARAM_CODE_FLASH_PROGRAMMING_ENABLE ${config.driver.flash_lp.param_code_flash_programming_enable}
		</content>
 	</config>
	<module config="config.driver.flash_lp" display="Driver|Storage|${module.driver.flash.name} Flash Driver on r_flash_lp" id="module.driver.flash_on_flash_lp" version="1">
        <constraint display="Unique name required for each instance">
            "${interface.driver.flash.${module.driver.flash.name}}" === "1"
        </constraint>
        <constraint display="Interrupts must be enabled if BGO is enabled.">
            ("${module.driver.flash.data_flash_bgo}" != "module.driver.flash.data_flash_bgo.enabled") ||
            ("${board.icu.fcu.frdyi}" != "board.icu.common.irq.disabled")
        </constraint>
        <provides interface="interface.driver.flash" />
        <provides interface="interface.driver.flash_on_flash_lp" />
        <provides interface="interface.driver.flash.${module.driver.flash.name}" />
        <property default="g_flash${_instance}" display="Name" id="module.driver.flash.name">
			<constraint display="Name must be a valid C symbol">testSymbol("${module.driver.flash.name}")</constraint>
        </property>
     	<property default="module.driver.flash.data_flash_bgo.enabled" display="Data Flash Background Operation" id="module.driver.flash.data_flash_bgo">
			<option display="Enabled" id="module.driver.flash.data_flash_bgo.enabled" value="true"/>
			<option display="Disabled" id="module.driver.flash.data_flash_bgo.disabled" value="false"/>
		</property>
        <property default="NULL" display="Callback" id="module.driver.flash.p_callback">
			<constraint display="Name must be a valid C symbol">testSymbol("${module.driver.flash.p_callback}")</constraint>
        </property>
        <interrupt node="board.icu.fcu.frdyi" />
        <header>
            /* Flash on Flash LP Instance. */
            extern const flash_instance_t ${module.driver.flash.name};
#ifdef ${module.driver.flash.p_callback}
#define FLASH_CALLBACK_USED (0)
#else
#define FLASH_CALLBACK_USED (1)
#endif
#if FLASH_CALLBACK_USED
void ${module.driver.flash.p_callback}(flash_callback_args_t * p_args);
#endif
        </header>
		
		<includes>#include &quot;r_flash_lp.h&quot;
#include &quot;r_flash_api.h&quot;</includes>
		<declarations>
#if FLASH_CALLBACK_USED
#if defined(__ICCARM__)
#define ${module.driver.flash.p_callback}_WEAK_ATTRIBUTE
#pragma weak ${module.driver.flash.p_callback}                            = ${module.driver.flash.p_callback}_internal
#elif defined(__GNUC__)
#define ${module.driver.flash.p_callback}_WEAK_ATTRIBUTE       __attribute__ ((weak, alias("${module.driver.flash.p_callback}_internal")))
#endif
void ${module.driver.flash.p_callback}(flash_callback_args_t * p_args) ${module.driver.flash.p_callback}_WEAK_ATTRIBUTE;
#endif
flash_ctrl_t ${module.driver.flash.name}_ctrl;
const flash_cfg_t ${module.driver.flash.name}_cfg =
{
    .data_flash_bgo      = ${module.driver.flash.data_flash_bgo},
    .p_callback          = ${module.driver.flash.p_callback},
    .p_context           = &amp;${module.driver.flash.name}
};
/* Instance structure to use this module. */
const flash_instance_t ${module.driver.flash.name} = 
{
    .p_ctrl        = &amp;${module.driver.flash.name}_ctrl,
    .p_cfg         = &amp;${module.driver.flash.name}_cfg,
    .p_api         = &amp;g_flash_on_flash_lp
};

#if FLASH_CALLBACK_USED
/*******************************************************************************************************************//**
 * @brief      This is a weak example callback function.  It should be overridden by defining a user callback function 
 *             with the prototype below.
 *               - void ${module.driver.flash.p_callback}(flash_callback_args_t * p_args)
 *
 * @param[in]  p_args  Callback arguments used to identify what caused the callback.
 **********************************************************************************************************************/
void ${module.driver.flash.p_callback}_internal(flash_callback_args_t * p_args)
{
	/** Do nothing. */
}
#endif
</declarations>
	</module>
</synergyModuleDescription>
