﻿<?xml version="1.0" ?>
<synergyModuleDescription>
<!-- PDC XML START here-->
    <config id="config.driver.pdc" path="ssp_cfg/driver/r_pdc_cfg.h" version="0">
        <property default="config.driver.pdc.param_checking_enable.bsp" display="Parameter Checking" id="config.driver.pdc.param_checking_enable">
            <option display="Default (BSP)" id="config.driver.pdc.param_checking_enable.bsp" value="(BSP_CFG_PARAM_CHECKING_ENABLE)"/>
            <option display="Enabled" id="config.driver.pdc.param_checking_enable.enabled" value="(1)"/>
            <option display="Disabled" id="config.driver.pdc.param_checking_enable.disabled" value="(0)"/>
        </property>
        <content>#define PDC_CFG_PARAM_CHECKING_ENABLE ${config.driver.pdc.param_checking_enable}
        </content>
    </config>
    <module config="config.driver.pdc" display="Driver|Graphics|${module.driver.pdc.name} PDC Driver on r_pdc" id="module.driver.pdc_on_pdc" version="1">
         <constraint display="Module instances must have unique names">
            "${interface.driver.pdc.${module.driver.pdc.name}}" === "1"
        </constraint>
        <requires id="module.driver.pdc_on_pdc.requires.transfer" interface="interface.driver.transfer_on_dmac" display="Add DMAC Driver for Transmission">
			<override property="module.driver.transfer.size" value= "module.driver.transfer.size.size_4_byte"/>
			<override property="module.driver.transfer.mode" value= "module.driver.transfer.mode.mode_block"/>
			<override property="module.driver.transfer.dest_addr_mode" value="module.driver.transfer.dest_addr_mode.addr_mode_incremented"/>
			<override property="module.driver.transfer.src_addr_mode" value="module.driver.transfer.src_addr_mode.addr_mode_fixed"/>
			<override property="module.driver.transfer.repeat_area" value="module.driver.transfer.repeat_area.repeat_area_source"/>
			<override property="module.driver.transfer.p_dest" value="NULL"/>
			<override property="module.driver.transfer.p_src" value="NULL"/>
			<override property="module.driver.transfer.length" value="8"/>
			<override property="module.driver.transfer.interrupt" value="module.driver.transfer.interrupt.interrupt_end"/>
			<override property="module.driver.transfer.num_blocks" value="1"/>
			<override property="module.driver.transfer.auto_enable" value="module.driver.transfer.auto_enable.false"/>
			<override property="module.driver.transfer.p_callback" value="NULL"/>
			<override property="module.driver.transfer.activation_source" value="module.driver.transfer.event.event_pdc_receive_data_ready"/>
		</requires>
        <provides interface="interface.driver.pdc" />
        <provides interface="interface.driver.pdc_on_pdc" />
        <provides interface="interface.driver.pdc.${module.driver.pdc.name}" />
        <property id="module.driver.pdc.name" display="Name" default="g_pdc${_instance}">
            <constraint display="Name must be a valid C symbol">testSymbol("${module.driver.pdc.name}")</constraint>
        </property>
        <property id="module.driver.pdc.data_buffer" display="Name of the data buffer to store image data" default="g_user_buffer">
            <constraint display="Name must be a valid C symbol">testSymbol("${module.driver.pdc.data_buffer}")</constraint>
        </property>
        <property default="sdram" display="Section where data buffer is allocated" id="module.driver.pdc.section">
            <constraint display="This property must be a valid section name"> testSymbol("${module.driver.pdc.section}")
            </constraint>
        </property>
        <property id="module.driver.pdc.bytes_per_pixel" display="Number of bytes per pixel" default="2">
            <constraint display="Value must be an integer greater than 0">testInteger("${module.driver.pdc.bytes_per_pixel}")  &amp;&amp; ("${module.driver.pdc.bytes_per_pixel}" &gt; 0)</constraint>
        </property>
        <property id="module.driver.pdc.number_of_buffers" display="Number of image data buffers" default="1">
            <constraint display="Value must be an integer greater than 0">testInteger("${module.driver.pdc.number_of_buffers}")  &amp;&amp; ("${module.driver.pdc.number_of_buffers}" &gt; 0)</constraint>
        </property>
        <property id="module.driver.pdc.clock_division" display="Clock divider" default="module.driver.pdc.clock_division.division_2">
            <option display="CLK/2" id="module.driver.pdc.clock_division.division_2" value="PDC_CLOCK_DIVISION_2"/>
            <option display="CLK/4" id="module.driver.pdc.clock_division.division_4" value="PDC_CLOCK_DIVISION_4"/>
            <option display="CLK/6" id="module.driver.pdc.clock_division.division_6" value="PDC_CLOCK_DIVISION_6"/>
            <option display="CLK/8" id="module.driver.pdc.clock_division.division_8" value="PDC_CLOCK_DIVISION_8"/>
            <option display="CLK/10" id="module.driver.pdc.clock_division.division_10" value="PDC_CLOCK_DIVISION_10"/>
            <option display="CLK/12" id="module.driver.pdc.clock_division.division_12" value="PDC_CLOCK_DIVISION_12"/>
            <option display="CLK/14" id="module.driver.pdc.clock_division.division_14" value="PDC_CLOCK_DIVISION_14"/>
            <option display="CLK/16" id="module.driver.pdc.clock_division.division_16" value="PDC_CLOCK_DIVISION_16"/>
        </property>
        <property id="module.driver.pdc.endian" display="Endian of image data" default="module.driver.pdc.endian.little">
            <option display="Little" id="module.driver.pdc.endian.little" value="PDC_ENDIAN_LITTLE"/>
            <option display="Big" id="module.driver.pdc.endian.big" value="PDC_ENDIAN_BIG"/>
        </property>
        <property id="module.driver.pdc.hsync_polarity" display="HSYNC signal polarity" default="module.driver.pdc.hsync_polarity.high">
            <option display="High" id="module.driver.pdc.hsync_polarity.high" value="PDC_HSYNC_POLARITY_HIGH"/>
            <option display="Low" id="module.driver.pdc.hsync_polarity.low" value="PDC_HSYNC_POLARITY_LOW"/>
        </property>
        <property id="module.driver.pdc.vsync_polarity" display="VSYNC signal polarity" default="module.driver.pdc.vsync_polarity.high">
            <option display="High" id="module.driver.pdc.vsync_polarity.high" value="PDC_VSYNC_POLARITY_HIGH"/>
            <option display="Low" id="module.driver.pdc.vsync_polarity.low" value="PDC_VSYNC_POLARITY_LOW"/>
        </property>
        <property id="module.driver.pdc.x_pixels" display="Number of pixels to capture horizontally" default="640">
            <constraint display="Value must be an integer greater than 0">testInteger("${module.driver.pdc.x_pixels}")  &amp;&amp; ("${module.driver.pdc.x_pixels}" &gt; 0)</constraint>
        </property>
        <property id="module.driver.pdc.y_pixels" display="Number of lines to capture vertically" default="480">
            <constraint display="Value must be an integer greater than 0">testInteger("${module.driver.pdc.y_pixels}")  &amp;&amp; ("${module.driver.pdc.y_pixels}" &gt; 0)</constraint>
        </property>
        <property id="module.driver.pdc.x_start_pixel" display="Horizontal pixel to start capture from" default="0">
            <constraint display="Value must be an integer">testInteger("${module.driver.pdc.x_start_pixel}")</constraint>
        </property>
        <property id="module.driver.pdc.y_start_pixel" display="Line to start capture from" default="0">
            <constraint display="Value must be an integer">testInteger("${module.driver.pdc.y_start_pixel}")</constraint>
        </property>
        <property id="module.driver.pdc.p_callback" display="Callback" default="g_pdc_user_callback">
            <constraint display="Name must be a valid C symbol">testSymbol("${module.driver.pdc.p_callback}")</constraint>
        </property>
        <interrupt node="board.icu.pdc.frame_end"/>
        <interrupt node="board.icu.pdc.int"/>
        <header>
            /** PDC on PDC instance */
            extern const pdc_instance_t ${module.driver.pdc.name};
            #ifdef ${module.driver.pdc.p_callback}
            #define PDC_ON_PDC_CALLBACK_USED_${module.driver.pdc.name} (0)
            #else
            #define PDC_ON_PDC_CALLBACK_USED_${module.driver.pdc.name} (1)
            #endif
            #if PDC_ON_PDC_CALLBACK_USED_${module.driver.pdc.name}
            void ${module.driver.pdc.p_callback}(pdc_callback_args_t * p_args);
            #endif
            #ifdef ${module.driver.pdc.data_buffer}
            #define PDC_ON_PDC_BUFFER_USED_${module.driver.pdc.name} (0)
            #else
            #define PDC_ON_PDC_BUFFER_USED_${module.driver.pdc.name} (1)
            #endif
            #if PDC_ON_PDC_BUFFER_USED_${module.driver.pdc.name}
            /** Buffer where captured image will be stored for application usage */
            extern uint8_t ${module.driver.pdc.data_buffer}[${module.driver.pdc.number_of_buffers}][${module.driver.pdc.x_pixels} * ${module.driver.pdc.y_pixels} * ${module.driver.pdc.bytes_per_pixel}];
            #endif
        </header>
        <includes>
            #include &quot;r_pdc.h&quot;
        </includes>
    <declarations>
            #if PDC_ON_PDC_CALLBACK_USED_${module.driver.pdc.name}
                #if defined(__ICCARM__)
                    #define ${module.driver.pdc.p_callback}_WEAK_ATTRIBUTE
                    #pragma weak ${module.driver.pdc.p_callback}                            = ${module.driver.pdc.p_callback}_internal
                    #elif defined(__GNUC__)
                    #define ${module.driver.pdc.p_callback}_WEAK_ATTRIBUTE       __attribute__ ((weak, alias("${module.driver.pdc.p_callback}_internal")))
                #endif
                void ${module.driver.pdc.p_callback}(pdc_callback_args_t * p_args) ${module.driver.pdc.p_callback}_WEAK_ATTRIBUTE;
            #endif
            #if PDC_ON_PDC_BUFFER_USED_${module.driver.pdc.name}
            #ifdef __GNUC__
            uint8_t ${module.driver.pdc.data_buffer}[${module.driver.pdc.number_of_buffers}][${module.driver.pdc.x_pixels} * ${module.driver.pdc.y_pixels} * ${module.driver.pdc.bytes_per_pixel}] __attribute__ ((aligned(64), section(&quot;.${module.driver.pdc.section}&quot;)));
            #else /* __ICCARM__ */
            #pragma data_alignment = 64
            #pragma location = &quot;.${module.driver.pdc.section}&quot;
            uint8_t ${module.driver.pdc.data_buffer}[${module.driver.pdc.number_of_buffers}][${module.driver.pdc.x_pixels} * ${module.driver.pdc.y_pixels} * ${module.driver.pdc.bytes_per_pixel}];
            #endif
            #endif
            pdc_ctrl_t ${module.driver.pdc.name}_ctrl;
            pdc_cfg_t ${module.driver.pdc.name}_cfg =
            {
                .bytes_per_pixel        = ${module.driver.pdc.bytes_per_pixel},
                .clock_division         = ${module.driver.pdc.clock_division},
                .endian                 = ${module.driver.pdc.endian},
                .hsync_polarity         = ${module.driver.pdc.hsync_polarity},
                .vsync_polarity         = ${module.driver.pdc.vsync_polarity},
                .p_buffer               = (uint8_t *)${module.driver.pdc.data_buffer},
                .p_callback             = ${module.driver.pdc.p_callback},
                .p_context              = NULL,
                .p_extend               = NULL,
                .p_lower_lvl_transfer   = &amp;${module.driver.pdc_on_pdc.requires.transfer::module.driver.transfer.name},
                .x_capture_pixels       = ${module.driver.pdc.x_pixels},
                .y_capture_pixels       = ${module.driver.pdc.y_pixels},
                .x_capture_start_pixel  = ${module.driver.pdc.x_start_pixel},
                .y_capture_start_pixel  = ${module.driver.pdc.y_start_pixel},
            };

            const pdc_instance_t ${module.driver.pdc.name} =
            {
                .p_ctrl = &amp;${module.driver.pdc.name}_ctrl,
                .p_cfg =  &amp;${module.driver.pdc.name}_cfg,
                .p_api =  &amp;g_pdc_on_pdc,
            };

            #if PDC_ON_PDC_CALLBACK_USED_${module.driver.pdc.name}
            /*******************************************************************************************************************//**
             * @brief      This is a weak example callback function.  It should be overridden by defining a user callback function
             *             with the prototype below.
             *               - void ${module.driver.pdc.p_callback}(pdc_callback_args_t * p_args)
             *
             * @param[in]  p_args  Callback arguments used to identify what caused the callback.
             **********************************************************************************************************************/
            void ${module.driver.pdc.p_callback}_internal(pdc_callback_args_t * p_args);
            void ${module.driver.pdc.p_callback}_internal(pdc_callback_args_t * p_args)
            {
            	/** Do nothing. */
                SSP_PARAMETER_NOT_USED(p_args);
            }
            #endif
    </declarations>
    </module>
</synergyModuleDescription>
