<?xml version="1.0" encoding="UTF-8"?>

<!-- path and content are not optional in the config section, but they can be empty -->
<synergyModuleDescription>
  <config id="config.skkynet.etk.app" path="" version="0">
    <content>
	</content>
  </config>
	
  <module config="config.skkynet.etk.app"
          display="Skkynet|ETK|Skkynet ETK Application Framework" id="module.skkynet.etk.app" version="0">

	<constraint display="Requires one Skkynet ETK instance named ${module.skkynet.etk.app.lowerlevelname}">
	  "${interface.skkynet.${module.skkynet.etk.app.lowerlevelname}}" === "1"
	</constraint>
	<requires interface="interface.skkynet.${module.skkynet.etk.app.lowerlevelname}" />
	  
    <provides interface="interface.skkynet.etk.app" />

    <property id="module.skkynet.etk.app.lowerlevelname" display="Lower Level Name" default="etk">
      <constraint display="Name must be a valid C symbol">testSymbol("${module.skkynet.etk.app.lowerlevelname}")</constraint>
	</property>
	  
  </module>
</synergyModuleDescription>
