<?xml version="1.0" encoding="UTF-8"?>

<synergyModuleDescription>
  <config id="config.skkynet.etk.modbus" path="" version="0">
	<content>
	</content>
  </config>
	
  <module config="config.skkynet.etk.modbus"
          display="Skkynet|ETK|Skkynet ETK Modbus" id="module.skkynet.etk.modbus" version="0">

	<constraint display="Requires one Skkynet ETK instance named ${module.skkynet.etk.modbus.lowerlevelname}">
	  "${interface.skkynet.${module.skkynet.etk.modbus.lowerlevelname}}" === "1"
	</constraint>
	<requires interface="interface.skkynet.${module.skkynet.etk.modbus.lowerlevelname}" />
	
    <provides interface="interface.skkynet.etk.modbus" />

    <property id="module.skkynet.etk.modbus.lowerlevelname" display="Lower Level Name" default="etk">
      <constraint display="Name must be a valid C symbol">testSymbol("${module.skkynet.etk.modbus.lowerlevelname}")</constraint>
	</property>
	  
  </module>
</synergyModuleDescription>
