<?xml version="1.0" encoding="UTF-8" standalone="no"?>
<synergyConfiguration>
  <generalSettings>
    <option key="#Board#" value="board.s7g2dk"/>
    <option key="CPU" value="S7G2"/>
    <option key="#TargetName#" value="R7FS7G27H2A01CBD"/>
    <option key="#RTOS#" value="Express Logic ThreadX"/>
    <option key="#pinconfiguration#" value="DKS7-board.pincfg"/>
    <option key="#SSPVersion#" value="1.0.0"/>
  </generalSettings>
  <synergyBspConfiguration>
    <config id="config.board.s7g2dk">
      <property id="config.board.s7g2dk.package" value="config.board.s7g2dk.package.bd"/>
      <property id="config.board.s7g2dk.memory" value="config.board.s7g2dk.memory.h"/>
      <property id="config.board.s7g2dk.core" value="config.board.s7g2dk.group.g"/>
      <property id="config.board.s7g2dk.series" value="config.board.s7g2dk.series.7"/>
      <property id="config.board.s7g2dk.main" value="0x1000"/>
      <property id="config.board.s7g2dk.process" value="0"/>
      <property id="config.board.s7g2dk.heap" value="0x400"/>
      <property id="config.board.s7g2dk.ofs0" value="0xFFFFFFFF"/>
      <property id="config.board.s7g2dk.ofs1" value="0xFFFFFFFF"/>
      <property id="config.board.s7g2dk.mpu_pc0_enable" value="config.board.s7g2dk.mpu_pc0_enable.disabled"/>
      <property id="config.board.s7g2dk.mpu_pc0_start" value="0xFFFFFFFF"/>
      <property id="config.board.s7g2dk.mpu_pc0_end" value="0xFFFFFFFF"/>
      <property id="config.board.s7g2dk.mpu_pc1_enable" value="config.board.s7g2dk.mpu_pc1_enable.disabled"/>
      <property id="config.board.s7g2dk.mpu_pc1_start" value="0xFFFFFFFF"/>
      <property id="config.board.s7g2dk.mpu_pc1_end" value="0xFFFFFFFF"/>
      <property id="config.board.s7g2dk.mpu_reg0_enable" value="config.board.s7g2dk.mpu_reg0_enable.disabled"/>
      <property id="config.board.s7g2dk.mpu_reg0_start" value="0xFFFFFFFF"/>
      <property id="config.board.s7g2dk.mpu_reg0_end" value="0xFFFFFFFF"/>
      <property id="config.board.s7g2dk.mpu_reg1_enable" value="config.board.s7g2dk.mpu_reg1_enable.disabled"/>
      <property id="config.board.s7g2dk.mpu_reg1_start" value="0xFFFFFFFF"/>
      <property id="config.board.s7g2dk.mpu_reg1_end" value="0xFFFFFFFF"/>
      <property id="config.board.s7g2dk.mpu_reg2_enable" value="config.board.s7g2dk.mpu_reg2_enable.disabled"/>
      <property id="config.board.s7g2dk.mpu_reg2_start" value="0xFFFFFFFF"/>
      <property id="config.board.s7g2dk.mpu_reg2_end" value="0xFFFFFFFF"/>
      <property id="config.board.s7g2dk.mpu_reg3_enable" value="config.board.s7g2dk.mpu_reg3_enable.disabled"/>
      <property id="config.board.s7g2dk.mpu_reg3_start" value="0xFFFFFFFF"/>
      <property id="config.board.s7g2dk.mpu_reg3_end" value="0xFFFFFFFF"/>
      <property id="config.board.s7g2dk.id1" value="0xFFFFFFFF"/>
      <property id="config.board.s7g2dk.id2" value="0xFFFFFFFF"/>
      <property id="config.board.s7g2dk.id3" value="0xFFFFFFFF"/>
      <property id="config.board.s7g2dk.id4" value="0xFFFFFFFF"/>
      <property id="config.board.common.vcc" value="3300"/>
      <property id="config.board.common.checking" value="config.board.common.checking.enabled"/>
      <property id="config.board.common.rtos" value="config.board.common.rtos.tx"/>
      <property id="config.board.common.assert" value="config.board.common.assert.none"/>
      <property id="config.board.common.error_log" value="config.board.common.error_log.none"/>
    </config>
  </synergyBspConfiguration>
  <synergyClockConfiguration>
    <node id="board.clock.xtal.freq" mul="24000000" option="_edit"/>
    <node id="board.clock.pll.source" option="board.clock.pll.source.xtal"/>
    <node id="board.clock.hoco.freq" option="board.clock.hoco.freq.16m"/>
    <node id="board.clock.loco.freq" option="board.clock.loco.freq.32768"/>
    <node id="board.clock.moco.freq" option="board.clock.moco.freq.8m"/>
    <node id="board.clock.subclk.freq" option="board.clock.subclk.freq.32768"/>
    <node id="board.clock.pll.div" option="board.clock.pll.div.2"/>
    <node id="board.clock.pll.mul" option="board.clock.pll.mul.200"/>
    <node id="board.clock.pll.display" option="board.clock.pll.display.value"/>
    <node id="board.clock.clock.source" option="board.clock.clock.source.pll"/>
    <node id="board.clock.iclk.div" option="board.clock.iclk.div.1"/>
    <node id="board.clock.iclk.display" option="board.clock.iclk.display.value"/>
    <node id="board.clock.pclka.div" option="board.clock.pclka.div.2"/>
    <node id="board.clock.pclka.display" option="board.clock.pclka.display.value"/>
    <node id="board.clock.pclkb.div" option="board.clock.pclkb.div.4"/>
    <node id="board.clock.pclkb.display" option="board.clock.pclkb.display.value"/>
    <node id="board.clock.pclkc.div" option="board.clock.pclkc.div.4"/>
    <node id="board.clock.pclkc.display" option="board.clock.pclkc.display.value"/>
    <node id="board.clock.pclkd.div" option="board.clock.pclkd.div.2"/>
    <node id="board.clock.pclkd.display" option="board.clock.pclkd.display.value"/>
    <node id="board.clock.sdclkout.div" option="board.clock.sdclkout.div.1"/>
    <node id="board.clock.sdclkout.display" option="board.clock.sdclkout.display.value"/>
    <node id="board.clock.bclk.div" option="board.clock.bclk.div.2"/>
    <node id="board.clock.bclk.display" option="board.clock.bclk.display.value"/>
    <node id="board.clock.bclkout.div" option="board.clock.bclkout.div.2"/>
    <node id="board.clock.bclkout.display" option="board.clock.bclkout.display.value"/>
    <node id="board.clock.uclk.div" option="board.clock.uclk.div.5"/>
    <node id="board.clock.uclk.display" option="board.clock.uclk.display.value"/>
    <node id="board.clock.fclk.div" option="board.clock.fclk.div.4"/>
    <node id="board.clock.fclk.display" option="board.clock.fclk.display.value"/>
  </synergyClockConfiguration>
  <synergyComponentSelection>
    <component apiversion="" class="Express Logic" condition="" group="all" subgroup="nx" variant="" vendor="Renesas" version="1.0.0">
      <description>Express Logic NetX: Provides=[NetX] , Requires=[ThreadX ,NetX Driver]</description>
      <originalPack>Renesas.Synergy.1.0.0.pack</originalPack>
    </component>
    <component apiversion="" class="Express Logic" condition="" group="all" subgroup="tx" variant="" vendor="Renesas" version="1.0.0">
      <description>Express Logic ThreadX: Provides=[ThreadX]</description>
      <originalPack>Renesas.Synergy.1.0.0.pack</originalPack>
    </component>
    <component apiversion="" class="HAL Drivers" condition="" group="all" subgroup="r_cgc" variant="" vendor="Renesas" version="1.0.0">
      <description>Clock Generation Circuit: Provides=[CGC]</description>
      <originalPack>Renesas.Synergy.1.0.0.pack</originalPack>
    </component>
    <component apiversion="" class="HAL Drivers" condition="" group="all" subgroup="r_elc" variant="" vendor="Renesas" version="1.0.0">
      <description>Event Link Controller: Provides=[ELC]</description>
      <originalPack>Renesas.Synergy.1.0.0.pack</originalPack>
    </component>
    <component apiversion="" class="HAL Drivers" condition="" group="all" subgroup="r_ioport" variant="" vendor="Renesas" version="1.0.0">
      <description>I/O Port: Provides=[IO Port]</description>
      <originalPack>Renesas.Synergy.1.0.0.pack</originalPack>
    </component>
    <component apiversion="" class="Framework Services" condition="" group="all" subgroup="sf_el_nx" variant="" vendor="Renesas" version="1.0.0">
      <description>Express Logic NetX Synergy Port: Provides=[NetX Driver] , Requires=[NetX]</description>
      <originalPack>Renesas.Synergy.1.0.0.pack</originalPack>
    </component>
    <component apiversion="" class="BSP" condition="" group="BSP" subgroup="s7g2_dk" variant="" vendor="Renesas" version="1.0.0">
      <description>Board Support Package for S7G2_DK</description>
      <originalPack>Renesas.Synergy.1.0.0.pack</originalPack>
    </component>
    <component apiversion="" class="HAL Drivers" condition="" group="all" subgroup="r_gpt" variant="" vendor="Renesas" version="1.0.0">
      <description>General Purpose Timer: Provides=[Timer ,GPT]</description>
      <originalPack>Renesas.Synergy.1.0.0.pack</originalPack>
    </component>
    <component apiversion="" class="HAL Drivers" condition="" group="all" subgroup="r_icu" variant="" vendor="Renesas" version="1.0.0">
      <description>External IRQ: Provides=[External IRQ]</description>
      <originalPack>Renesas.Synergy.1.0.0.pack</originalPack>
    </component>
    <component apiversion="" class="Express Logic" condition="" group="all" subgroup="nx_dhcp" variant="" vendor="Renesas" version="1.0.0">
      <description>Express Logic NetX DHCP: Provides=[NetX DHCP] , Requires=[NetX]</description>
      <originalPack>Renesas.Synergy.1.0.0.pack</originalPack>
    </component>
    <component apiversion="" class="HAL Drivers" condition="" group="all" subgroup="r_sci_common" variant="" vendor="Renesas" version="1.0.0">
      <description>SCI Common: Provides=[SCI]</description>
      <originalPack>Renesas.Synergy.1.0.0.pack</originalPack>
    </component>
    <component apiversion="" class="HAL Drivers" condition="" group="all" subgroup="r_sci_i2c" variant="" vendor="Renesas" version="1.0.0">
      <description>SCI I2C: Provides=[I2C Master] , Requires=[SCI Common]</description>
      <originalPack>Renesas.Synergy.1.0.0.pack</originalPack>
    </component>
    <component apiversion="" class="HAL Drivers" condition="" group="all" subgroup="r_sci_spi" variant="" vendor="Renesas" version="1.0.0">
      <description>SCI SPI: Provides=[SPI] , Requires=[SCI Common]</description>
      <originalPack>Renesas.Synergy.1.0.0.pack</originalPack>
    </component>
    <component apiversion="" class="HAL Drivers" condition="" group="all" subgroup="r_sci_uart" variant="" vendor="Renesas" version="1.0.0">
      <description>SCI UART: Provides=[UART] , Requires=[SCI Common]</description>
      <originalPack>Renesas.Synergy.1.0.0.pack</originalPack>
    </component>
    <component apiversion="" class="HAL Drivers" condition="" group="all" subgroup="r_adc" variant="" vendor="Renesas" version="1.0.0">
      <description>A/D Converter: Provides=[ADC]</description>
      <originalPack>Renesas.Synergy.1.0.0.pack</originalPack>
    </component>
    <component apiversion="" class="HAL Drivers" condition="" group="all" subgroup="r_dac" variant="" vendor="Renesas" version="1.0.0">
      <description>D/A Converter: Provides=[DAC]</description>
      <originalPack>Renesas.Synergy.1.0.0.pack</originalPack>
    </component>
    <component apiversion="" class="HAL Drivers" condition="" group="all" subgroup="r_rtc" variant="" vendor="Renesas" version="1.0.0">
      <description>Real Time Clock: Provides=[RTC]</description>
      <originalPack>Renesas.Synergy.1.0.0.pack</originalPack>
    </component>
    <component apiversion="" class="Express Logic" condition="" group="all" subgroup="nx_dns" variant="" vendor="Renesas" version="1.0.0">
      <description>Express Logic NetX DNS: Provides=[NetX DNS] , Requires=[NetX]</description>
      <originalPack>Renesas.Synergy.1.0.0.pack</originalPack>
    </component>
    <component apiversion="" class="HAL Drivers" condition="" group="all" subgroup="r_fmi" variant="" vendor="Renesas" version="1.0.0">
      <description>Factory MCU Information Module: Provides=[FMI]</description>
      <originalPack>Renesas.Synergy.1.0.0.pack</originalPack>
    </component>
    <component apiversion="" class="HAL Drivers" condition="" group="all" subgroup="r_glcd" variant="" vendor="Renesas" version="1.0.0">
      <description>Graphics LCD: Provides=[Display]</description>
      <originalPack>Renesas.Synergy.1.0.0.pack</originalPack>
    </component>
    <component apiversion="" class="HAL Drivers" condition="" group="all" subgroup="r_flash_hp" variant="" vendor="Renesas" version="1.0.0">
      <description>Flash Memory: Provides=[Flash]</description>
      <originalPack>Renesas.Synergy.1.0.0.pack</originalPack>
    </component>
    <component apiversion="" class="HAL Drivers" condition="" group="all" subgroup="r_rspi" variant="" vendor="Renesas" version="1.0.0">
      <description>RSPI: Provides=[SPI]</description>
      <originalPack>Renesas.Synergy.1.0.0.pack</originalPack>
    </component>
    <component apiversion="" class="Framework Services" condition="" group="all" subgroup="sf_external_irq" variant="" vendor="Renesas" version="1.0.0">
      <description>Framework External IRQ: Provides=[Framework External IRQ] , Requires=[External IRQ ,ThreadX]</description>
      <originalPack>Renesas.Synergy.1.0.0.pack</originalPack>
    </component>
    <component apiversion="" class="Framework Services" condition="" group="all" subgroup="sf_message" variant="" vendor="Renesas" version="1.0.0">
      <description>Messaging Framework: Provides=[Message] , Requires=[ThreadX]</description>
      <originalPack>Renesas.Synergy.1.0.0.pack</originalPack>
    </component>
    <component apiversion="" class="Framework Services" condition="" group="all" subgroup="sf_touch_panel_i2c" variant="" vendor="Renesas" version="1.0.0">
      <description>Framework Touch Panel using I2C: Provides=[Framework Touch Panel] , Requires=[ThreadX ,Message ,I2C ,Framework External IRQ]</description>
      <originalPack>Renesas.Synergy.1.0.0.pack</originalPack>
    </component>
    <component apiversion="" class="HAL Drivers" condition="" group="all" subgroup="r_dtc" variant="" vendor="Renesas" version="1.0.0">
      <description>Data Transfer Controller: Provides=[Transfer]</description>
      <originalPack>Renesas.Synergy.1.0.0.pack</originalPack>
    </component>
    <component apiversion="" class="Express Logic" condition="" group="all" subgroup="gx" variant="" vendor="Renesas" version="1.0.0">
      <description>Express Logic GUIX: Provides=[GUIX] , Requires=[ThreadX]</description>
      <originalPack>Renesas.Synergy.1.0.0.pack</originalPack>
    </component>
    <component apiversion="" class="Framework Services" condition="" group="all" subgroup="sf_el_gx" variant="" vendor="Renesas" version="1.0.0">
      <description>SF_EL_GX GUIX Adaptation Framework: Provides=[SSP GUIX Adaptation Framework] , Requires=[ThreadX ,GUIX]</description>
      <originalPack>Renesas.Synergy.1.0.0.pack</originalPack>
    </component>
  </synergyComponentSelection>
  <synergyIcuConfiguration>
    <node id="board.icu.adc.adc0.scan_end" option="board.icu.common.irq.priority6"/>
    <node id="board.icu.adc.adc0.scan_end_b" option="board.icu.common.irq.disabled"/>
    <node id="board.icu.adc.adc0.window_a" option="board.icu.common.irq.disabled"/>
    <node id="board.icu.adc.adc0.window_b" option="board.icu.common.irq.disabled"/>
    <node id="board.icu.adc.adc0.compare_match" option="board.icu.common.irq.disabled"/>
    <node id="board.icu.adc.adc0.compare_mismatch" option="board.icu.common.irq.disabled"/>
    <node id="board.icu.adc.adc1.scan_end" option="board.icu.common.irq.priority6"/>
    <node id="board.icu.adc.adc1.scan_end_b" option="board.icu.common.irq.disabled"/>
    <node id="board.icu.adc.adc1.window_a" option="board.icu.common.irq.disabled"/>
    <node id="board.icu.adc.adc1.window_b" option="board.icu.common.irq.disabled"/>
    <node id="board.icu.adc.adc1.compare_match" option="board.icu.common.irq.disabled"/>
    <node id="board.icu.adc.adc1.compare_mismatch" option="board.icu.common.irq.disabled"/>
    <node id="board.icu.agt.agt0.int" option="board.icu.common.irq.disabled"/>
    <node id="board.icu.agt.agt0.compare_a" option="board.icu.common.irq.disabled"/>
    <node id="board.icu.agt.agt0.compare_b" option="board.icu.common.irq.disabled"/>
    <node id="board.icu.agt.agt1.int" option="board.icu.common.irq.disabled"/>
    <node id="board.icu.agt.agt1.compare_a" option="board.icu.common.irq.disabled"/>
    <node id="board.icu.agt.agt1.compare_b" option="board.icu.common.irq.disabled"/>
    <node id="board.icu.cac.frequency_error" option="board.icu.common.irq.disabled"/>
    <node id="board.icu.cac.measurement_end" option="board.icu.common.irq.disabled"/>
    <node id="board.icu.cac.overflow" option="board.icu.common.irq.disabled"/>
    <node id="board.icu.can.can0.error" option="board.icu.common.irq.disabled"/>
    <node id="board.icu.can.can0.fifo_rx" option="board.icu.common.irq.disabled"/>
    <node id="board.icu.can.can0.fifo_tx" option="board.icu.common.irq.disabled"/>
    <node id="board.icu.can.can0.mailbox_rx" option="board.icu.common.irq.disabled"/>
    <node id="board.icu.can.can0.mailbox_tx" option="board.icu.common.irq.disabled"/>
    <node id="board.icu.can.can1.error" option="board.icu.common.irq.disabled"/>
    <node id="board.icu.can.can1.fifo_rx" option="board.icu.common.irq.disabled"/>
    <node id="board.icu.can.can1.fifo_tx" option="board.icu.common.irq.disabled"/>
    <node id="board.icu.can.can1.mailbox_rx" option="board.icu.common.irq.disabled"/>
    <node id="board.icu.can.can1.mailbox_tx" option="board.icu.common.irq.disabled"/>
    <node id="board.icu.cgc.mosc_stop" option="board.icu.common.irq.disabled"/>
    <node id="board.icu.comp.hs_0" option="board.icu.common.irq.disabled"/>
    <node id="board.icu.comp.hs_1" option="board.icu.common.irq.disabled"/>
    <node id="board.icu.comp.hs_2" option="board.icu.common.irq.disabled"/>
    <node id="board.icu.comp.hs_3" option="board.icu.common.irq.disabled"/>
    <node id="board.icu.comp.hs_4" option="board.icu.common.irq.disabled"/>
    <node id="board.icu.comp.hs_5" option="board.icu.common.irq.disabled"/>
    <node id="board.icu.ctsu.write" option="board.icu.common.irq.disabled"/>
    <node id="board.icu.ctsu.read" option="board.icu.common.irq.disabled"/>
    <node id="board.icu.ctsu.end" option="board.icu.common.irq.disabled"/>
    <node id="board.icu.divider.int" option="board.icu.common.irq.disabled"/>
    <node id="board.icu.dmac.dmac0.int" option="board.icu.common.irq.disabled"/>
    <node id="board.icu.dmac.dmac1.int" option="board.icu.common.irq.disabled"/>
    <node id="board.icu.dmac.dmac2.int" option="board.icu.common.irq.disabled"/>
    <node id="board.icu.dmac.dmac3.int" option="board.icu.common.irq.disabled"/>
    <node id="board.icu.dmac.dmac4.int" option="board.icu.common.irq.disabled"/>
    <node id="board.icu.dmac.dmac5.int" option="board.icu.common.irq.disabled"/>
    <node id="board.icu.dmac.dmac6.int" option="board.icu.common.irq.disabled"/>
    <node id="board.icu.dmac.dmac7.int" option="board.icu.common.irq.disabled"/>
    <node id="board.icu.doc.int" option="board.icu.common.irq.disabled"/>
    <node id="board.icu.drw.int" option="board.icu.common.irq.priority3"/>
    <node id="board.icu.dtc.complete" option="board.icu.common.irq.disabled"/>
    <node id="board.icu.dtc.end" option="board.icu.common.irq.disabled"/>
    <node id="board.icu.edmac.edmac0.eint" option="board.icu.common.irq.disabled"/>
    <node id="board.icu.edmac.edmac1.eint" option="board.icu.common.irq.priority3"/>
    <node id="board.icu.elc.software_event_0" option="board.icu.common.irq.disabled"/>
    <node id="board.icu.elc.software_event_1" option="board.icu.common.irq.disabled"/>
    <node id="board.icu.eptpc.ipls" option="board.icu.common.irq.disabled"/>
    <node id="board.icu.eptpc.mint" option="board.icu.common.irq.disabled"/>
    <node id="board.icu.eptpc.pint" option="board.icu.common.irq.disabled"/>
    <node id="board.icu.eptpc.timer0_rise" option="board.icu.common.irq.disabled"/>
    <node id="board.icu.eptpc.timer1_rise" option="board.icu.common.irq.disabled"/>
    <node id="board.icu.eptpc.timer2_rise" option="board.icu.common.irq.disabled"/>
    <node id="board.icu.eptpc.timer3_rise" option="board.icu.common.irq.disabled"/>
    <node id="board.icu.eptpc.timer4_rise" option="board.icu.common.irq.disabled"/>
    <node id="board.icu.eptpc.timer5_rise" option="board.icu.common.irq.disabled"/>
    <node id="board.icu.eptpc.timer0_fall" option="board.icu.common.irq.disabled"/>
    <node id="board.icu.eptpc.timer1_fall" option="board.icu.common.irq.disabled"/>
    <node id="board.icu.eptpc.timer2_fall" option="board.icu.common.irq.disabled"/>
    <node id="board.icu.eptpc.timer3_fall" option="board.icu.common.irq.disabled"/>
    <node id="board.icu.eptpc.timer4_fall" option="board.icu.common.irq.disabled"/>
    <node id="board.icu.eptpc.timer5_fall" option="board.icu.common.irq.disabled"/>
    <node id="board.icu.fcu.fiferr" option="board.icu.common.irq.disabled"/>
    <node id="board.icu.fcu.frdyi" option="board.icu.common.irq.disabled"/>
    <node id="board.icu.glcdc.line_detect" option="board.icu.common.irq.priority3"/>
    <node id="board.icu.glcdc.underflow_1" option="board.icu.common.irq.disabled"/>
    <node id="board.icu.glcdc.underflow_2" option="board.icu.common.irq.disabled"/>
    <node id="board.icu.gpt.gpt0.capture_compare_a" option="board.icu.common.irq.disabled"/>
    <node id="board.icu.gpt.gpt0.capture_compare_b" option="board.icu.common.irq.disabled"/>
    <node id="board.icu.gpt.gpt0.compare_c" option="board.icu.common.irq.disabled"/>
    <node id="board.icu.gpt.gpt0.compare_d" option="board.icu.common.irq.disabled"/>
    <node id="board.icu.gpt.gpt0.compare_e" option="board.icu.common.irq.disabled"/>
    <node id="board.icu.gpt.gpt0.compare_f" option="board.icu.common.irq.disabled"/>
    <node id="board.icu.gpt.gpt0.counter_overflow" option="board.icu.common.irq.priority5"/>
    <node id="board.icu.gpt.gpt0.counter_underflow" option="board.icu.common.irq.disabled"/>
    <node id="board.icu.gpt.gpt0.ad_trig_a" option="board.icu.common.irq.disabled"/>
    <node id="board.icu.gpt.gpt0.ad_trig_b" option="board.icu.common.irq.disabled"/>
    <node id="board.icu.gpt.gpt1.capture_compare_a" option="board.icu.common.irq.disabled"/>
    <node id="board.icu.gpt.gpt1.capture_compare_b" option="board.icu.common.irq.disabled"/>
    <node id="board.icu.gpt.gpt1.compare_c" option="board.icu.common.irq.disabled"/>
    <node id="board.icu.gpt.gpt1.compare_d" option="board.icu.common.irq.disabled"/>
    <node id="board.icu.gpt.gpt1.compare_e" option="board.icu.common.irq.disabled"/>
    <node id="board.icu.gpt.gpt1.compare_f" option="board.icu.common.irq.disabled"/>
    <node id="board.icu.gpt.gpt1.counter_overflow" option="board.icu.common.irq.priority5"/>
    <node id="board.icu.gpt.gpt1.counter_underflow" option="board.icu.common.irq.disabled"/>
    <node id="board.icu.gpt.gpt1.ad_trig_a" option="board.icu.common.irq.disabled"/>
    <node id="board.icu.gpt.gpt1.ad_trig_b" option="board.icu.common.irq.disabled"/>
    <node id="board.icu.gpt.gpt2.capture_compare_a" option="board.icu.common.irq.disabled"/>
    <node id="board.icu.gpt.gpt2.capture_compare_b" option="board.icu.common.irq.disabled"/>
    <node id="board.icu.gpt.gpt2.compare_c" option="board.icu.common.irq.disabled"/>
    <node id="board.icu.gpt.gpt2.compare_d" option="board.icu.common.irq.disabled"/>
    <node id="board.icu.gpt.gpt2.compare_e" option="board.icu.common.irq.disabled"/>
    <node id="board.icu.gpt.gpt2.compare_f" option="board.icu.common.irq.disabled"/>
    <node id="board.icu.gpt.gpt2.counter_overflow" option="board.icu.common.irq.priority4"/>
    <node id="board.icu.gpt.gpt2.counter_underflow" option="board.icu.common.irq.disabled"/>
    <node id="board.icu.gpt.gpt2.ad_trig_a" option="board.icu.common.irq.disabled"/>
    <node id="board.icu.gpt.gpt2.ad_trig_b" option="board.icu.common.irq.disabled"/>
    <node id="board.icu.gpt.gpt3.capture_compare_a" option="board.icu.common.irq.disabled"/>
    <node id="board.icu.gpt.gpt3.capture_compare_b" option="board.icu.common.irq.disabled"/>
    <node id="board.icu.gpt.gpt3.compare_c" option="board.icu.common.irq.disabled"/>
    <node id="board.icu.gpt.gpt3.compare_d" option="board.icu.common.irq.disabled"/>
    <node id="board.icu.gpt.gpt3.compare_e" option="board.icu.common.irq.disabled"/>
    <node id="board.icu.gpt.gpt3.compare_f" option="board.icu.common.irq.disabled"/>
    <node id="board.icu.gpt.gpt3.counter_overflow" option="board.icu.common.irq.disabled"/>
    <node id="board.icu.gpt.gpt3.counter_underflow" option="board.icu.common.irq.disabled"/>
    <node id="board.icu.gpt.gpt3.ad_trig_a" option="board.icu.common.irq.disabled"/>
    <node id="board.icu.gpt.gpt3.ad_trig_b" option="board.icu.common.irq.disabled"/>
    <node id="board.icu.gpt.gpt4.capture_compare_a" option="board.icu.common.irq.disabled"/>
    <node id="board.icu.gpt.gpt4.capture_compare_b" option="board.icu.common.irq.disabled"/>
    <node id="board.icu.gpt.gpt4.compare_c" option="board.icu.common.irq.disabled"/>
    <node id="board.icu.gpt.gpt4.compare_d" option="board.icu.common.irq.disabled"/>
    <node id="board.icu.gpt.gpt4.compare_e" option="board.icu.common.irq.disabled"/>
    <node id="board.icu.gpt.gpt4.compare_f" option="board.icu.common.irq.disabled"/>
    <node id="board.icu.gpt.gpt4.counter_overflow" option="board.icu.common.irq.disabled"/>
    <node id="board.icu.gpt.gpt4.counter_underflow" option="board.icu.common.irq.disabled"/>
    <node id="board.icu.gpt.gpt4.ad_trig_a" option="board.icu.common.irq.disabled"/>
    <node id="board.icu.gpt.gpt4.ad_trig_b" option="board.icu.common.irq.disabled"/>
    <node id="board.icu.gpt.gpt5.capture_compare_a" option="board.icu.common.irq.disabled"/>
    <node id="board.icu.gpt.gpt5.capture_compare_b" option="board.icu.common.irq.disabled"/>
    <node id="board.icu.gpt.gpt5.compare_c" option="board.icu.common.irq.disabled"/>
    <node id="board.icu.gpt.gpt5.compare_d" option="board.icu.common.irq.disabled"/>
    <node id="board.icu.gpt.gpt5.compare_e" option="board.icu.common.irq.disabled"/>
    <node id="board.icu.gpt.gpt5.compare_f" option="board.icu.common.irq.disabled"/>
    <node id="board.icu.gpt.gpt5.counter_overflow" option="board.icu.common.irq.priority4"/>
    <node id="board.icu.gpt.gpt5.counter_underflow" option="board.icu.common.irq.disabled"/>
    <node id="board.icu.gpt.gpt5.ad_trig_a" option="board.icu.common.irq.disabled"/>
    <node id="board.icu.gpt.gpt5.ad_trig_b" option="board.icu.common.irq.disabled"/>
    <node id="board.icu.gpt.gpt6.capture_compare_a" option="board.icu.common.irq.disabled"/>
    <node id="board.icu.gpt.gpt6.capture_compare_b" option="board.icu.common.irq.disabled"/>
    <node id="board.icu.gpt.gpt6.compare_c" option="board.icu.common.irq.disabled"/>
    <node id="board.icu.gpt.gpt6.compare_d" option="board.icu.common.irq.disabled"/>
    <node id="board.icu.gpt.gpt6.compare_e" option="board.icu.common.irq.disabled"/>
    <node id="board.icu.gpt.gpt6.compare_f" option="board.icu.common.irq.disabled"/>
    <node id="board.icu.gpt.gpt6.counter_overflow" option="board.icu.common.irq.disabled"/>
    <node id="board.icu.gpt.gpt6.counter_underflow" option="board.icu.common.irq.disabled"/>
    <node id="board.icu.gpt.gpt6.ad_trig_a" option="board.icu.common.irq.disabled"/>
    <node id="board.icu.gpt.gpt6.ad_trig_b" option="board.icu.common.irq.disabled"/>
    <node id="board.icu.gpt.gpt7.capture_compare_a" option="board.icu.common.irq.disabled"/>
    <node id="board.icu.gpt.gpt7.capture_compare_b" option="board.icu.common.irq.disabled"/>
    <node id="board.icu.gpt.gpt7.compare_c" option="board.icu.common.irq.disabled"/>
    <node id="board.icu.gpt.gpt7.compare_d" option="board.icu.common.irq.disabled"/>
    <node id="board.icu.gpt.gpt7.compare_e" option="board.icu.common.irq.disabled"/>
    <node id="board.icu.gpt.gpt7.compare_f" option="board.icu.common.irq.disabled"/>
    <node id="board.icu.gpt.gpt7.counter_overflow" option="board.icu.common.irq.disabled"/>
    <node id="board.icu.gpt.gpt7.counter_underflow" option="board.icu.common.irq.disabled"/>
    <node id="board.icu.gpt.gpt7.ad_trig_a" option="board.icu.common.irq.disabled"/>
    <node id="board.icu.gpt.gpt7.ad_trig_b" option="board.icu.common.irq.disabled"/>
    <node id="board.icu.gpt.gpt8.capture_compare_a" option="board.icu.common.irq.disabled"/>
    <node id="board.icu.gpt.gpt8.capture_compare_b" option="board.icu.common.irq.disabled"/>
    <node id="board.icu.gpt.gpt8.compare_c" option="board.icu.common.irq.disabled"/>
    <node id="board.icu.gpt.gpt8.compare_d" option="board.icu.common.irq.disabled"/>
    <node id="board.icu.gpt.gpt8.compare_e" option="board.icu.common.irq.disabled"/>
    <node id="board.icu.gpt.gpt8.compare_f" option="board.icu.common.irq.disabled"/>
    <node id="board.icu.gpt.gpt8.counter_overflow" option="board.icu.common.irq.disabled"/>
    <node id="board.icu.gpt.gpt8.counter_underflow" option="board.icu.common.irq.disabled"/>
    <node id="board.icu.gpt.gpt8.ad_trig_a" option="board.icu.common.irq.disabled"/>
    <node id="board.icu.gpt.gpt8.ad_trig_b" option="board.icu.common.irq.disabled"/>
    <node id="board.icu.gpt.gpt9.capture_compare_a" option="board.icu.common.irq.disabled"/>
    <node id="board.icu.gpt.gpt9.capture_compare_b" option="board.icu.common.irq.disabled"/>
    <node id="board.icu.gpt.gpt9.compare_c" option="board.icu.common.irq.disabled"/>
    <node id="board.icu.gpt.gpt9.compare_d" option="board.icu.common.irq.disabled"/>
    <node id="board.icu.gpt.gpt9.compare_e" option="board.icu.common.irq.disabled"/>
    <node id="board.icu.gpt.gpt9.compare_f" option="board.icu.common.irq.disabled"/>
    <node id="board.icu.gpt.gpt9.counter_overflow" option="board.icu.common.irq.disabled"/>
    <node id="board.icu.gpt.gpt9.counter_underflow" option="board.icu.common.irq.disabled"/>
    <node id="board.icu.gpt.gpt9.ad_trig_a" option="board.icu.common.irq.disabled"/>
    <node id="board.icu.gpt.gpt9.ad_trig_b" option="board.icu.common.irq.disabled"/>
    <node id="board.icu.gpt.gpt10.capture_compare_a" option="board.icu.common.irq.disabled"/>
    <node id="board.icu.gpt.gpt10.capture_compare_b" option="board.icu.common.irq.disabled"/>
    <node id="board.icu.gpt.gpt10.compare_c" option="board.icu.common.irq.disabled"/>
    <node id="board.icu.gpt.gpt10.compare_d" option="board.icu.common.irq.disabled"/>
    <node id="board.icu.gpt.gpt10.compare_e" option="board.icu.common.irq.disabled"/>
    <node id="board.icu.gpt.gpt10.compare_f" option="board.icu.common.irq.disabled"/>
    <node id="board.icu.gpt.gpt10.counter_overflow" option="board.icu.common.irq.disabled"/>
    <node id="board.icu.gpt.gpt10.counter_underflow" option="board.icu.common.irq.disabled"/>
    <node id="board.icu.gpt.gpt10.ad_trig_a" option="board.icu.common.irq.disabled"/>
    <node id="board.icu.gpt.gpt10.ad_trig_b" option="board.icu.common.irq.disabled"/>
    <node id="board.icu.gpt.gpt11.capture_compare_a" option="board.icu.common.irq.disabled"/>
    <node id="board.icu.gpt.gpt11.capture_compare_b" option="board.icu.common.irq.disabled"/>
    <node id="board.icu.gpt.gpt11.compare_c" option="board.icu.common.irq.disabled"/>
    <node id="board.icu.gpt.gpt11.compare_d" option="board.icu.common.irq.disabled"/>
    <node id="board.icu.gpt.gpt11.compare_e" option="board.icu.common.irq.disabled"/>
    <node id="board.icu.gpt.gpt11.compare_f" option="board.icu.common.irq.disabled"/>
    <node id="board.icu.gpt.gpt11.counter_overflow" option="board.icu.common.irq.disabled"/>
    <node id="board.icu.gpt.gpt11.counter_underflow" option="board.icu.common.irq.disabled"/>
    <node id="board.icu.gpt.gpt11.ad_trig_a" option="board.icu.common.irq.disabled"/>
    <node id="board.icu.gpt.gpt11.ad_trig_b" option="board.icu.common.irq.disabled"/>
    <node id="board.icu.gpt.gpt12.capture_compare_a" option="board.icu.common.irq.disabled"/>
    <node id="board.icu.gpt.gpt12.capture_compare_b" option="board.icu.common.irq.disabled"/>
    <node id="board.icu.gpt.gpt12.compare_c" option="board.icu.common.irq.disabled"/>
    <node id="board.icu.gpt.gpt12.compare_d" option="board.icu.common.irq.disabled"/>
    <node id="board.icu.gpt.gpt12.compare_e" option="board.icu.common.irq.disabled"/>
    <node id="board.icu.gpt.gpt12.compare_f" option="board.icu.common.irq.disabled"/>
    <node id="board.icu.gpt.gpt12.counter_overflow" option="board.icu.common.irq.disabled"/>
    <node id="board.icu.gpt.gpt12.counter_underflow" option="board.icu.common.irq.disabled"/>
    <node id="board.icu.gpt.gpt12.ad_trig_a" option="board.icu.common.irq.disabled"/>
    <node id="board.icu.gpt.gpt12.ad_trig_b" option="board.icu.common.irq.disabled"/>
    <node id="board.icu.gpt.gpt13.capture_compare_a" option="board.icu.common.irq.disabled"/>
    <node id="board.icu.gpt.gpt13.capture_compare_b" option="board.icu.common.irq.disabled"/>
    <node id="board.icu.gpt.gpt13.compare_c" option="board.icu.common.irq.disabled"/>
    <node id="board.icu.gpt.gpt13.compare_d" option="board.icu.common.irq.disabled"/>
    <node id="board.icu.gpt.gpt13.compare_e" option="board.icu.common.irq.disabled"/>
    <node id="board.icu.gpt.gpt13.compare_f" option="board.icu.common.irq.disabled"/>
    <node id="board.icu.gpt.gpt13.counter_overflow" option="board.icu.common.irq.disabled"/>
    <node id="board.icu.gpt.gpt13.counter_underflow" option="board.icu.common.irq.disabled"/>
    <node id="board.icu.gpt.gpt13.ad_trig_a" option="board.icu.common.irq.disabled"/>
    <node id="board.icu.gpt.gpt13.ad_trig_b" option="board.icu.common.irq.disabled"/>
    <node id="board.icu.icu.irq0" option="board.icu.common.irq.disabled"/>
    <node id="board.icu.icu.irq1" option="board.icu.common.irq.disabled"/>
    <node id="board.icu.icu.irq2" option="board.icu.common.irq.disabled"/>
    <node id="board.icu.icu.irq3" option="board.icu.common.irq.disabled"/>
    <node id="board.icu.icu.irq4" option="board.icu.common.irq.disabled"/>
    <node id="board.icu.icu.irq5" option="board.icu.common.irq.disabled"/>
    <node id="board.icu.icu.irq6" option="board.icu.common.irq.disabled"/>
    <node id="board.icu.icu.irq7" option="board.icu.common.irq.priority3"/>
    <node id="board.icu.icu.irq8" option="board.icu.common.irq.disabled"/>
    <node id="board.icu.icu.irq9" option="board.icu.common.irq.disabled"/>
    <node id="board.icu.icu.irq10" option="board.icu.common.irq.disabled"/>
    <node id="board.icu.icu.irq11" option="board.icu.common.irq.priority6"/>
    <node id="board.icu.icu.irq12" option="board.icu.common.irq.priority3"/>
    <node id="board.icu.icu.irq13" option="board.icu.common.irq.disabled"/>
    <node id="board.icu.icu.irq14" option="board.icu.common.irq.priority4"/>
    <node id="board.icu.icu.irq15" option="board.icu.common.irq.priority4"/>
    <node id="board.icu.icu.snooze_cancel" option="board.icu.common.irq.disabled"/>
    <node id="board.icu.iic.iic0.rxi" option="board.icu.common.irq.disabled"/>
    <node id="board.icu.iic.iic0.txi" option="board.icu.common.irq.disabled"/>
    <node id="board.icu.iic.iic0.tei" option="board.icu.common.irq.disabled"/>
    <node id="board.icu.iic.iic0.eri" option="board.icu.common.irq.disabled"/>
    <node id="board.icu.iic.iic0.wui" option="board.icu.common.irq.disabled"/>
    <node id="board.icu.iic.iic1.rxi" option="board.icu.common.irq.disabled"/>
    <node id="board.icu.iic.iic1.txi" option="board.icu.common.irq.disabled"/>
    <node id="board.icu.iic.iic1.tei" option="board.icu.common.irq.disabled"/>
    <node id="board.icu.iic.iic1.eri" option="board.icu.common.irq.disabled"/>
    <node id="board.icu.iic.iic2.rxi" option="board.icu.common.irq.disabled"/>
    <node id="board.icu.iic.iic2.txi" option="board.icu.common.irq.disabled"/>
    <node id="board.icu.iic.iic2.tei" option="board.icu.common.irq.disabled"/>
    <node id="board.icu.iic.iic2.eri" option="board.icu.common.irq.disabled"/>
    <node id="board.icu.ioport.event_1" option="board.icu.common.irq.disabled"/>
    <node id="board.icu.ioport.event_2" option="board.icu.common.irq.disabled"/>
    <node id="board.icu.ioport.event_3" option="board.icu.common.irq.disabled"/>
    <node id="board.icu.ioport.event_4" option="board.icu.common.irq.disabled"/>
    <node id="board.icu.iwdt.underflow" option="board.icu.common.irq.disabled"/>
    <node id="board.icu.jpeg.jedi" option="board.icu.common.irq.disabled"/>
    <node id="board.icu.jpeg.jdti" option="board.icu.common.irq.disabled"/>
    <node id="board.icu.key.int" option="board.icu.common.irq.disabled"/>
    <node id="board.icu.lpm.snooze_request" option="board.icu.common.irq.disabled"/>
    <node id="board.icu.lvd.lvd1" option="board.icu.common.irq.disabled"/>
    <node id="board.icu.lvd.lvd2" option="board.icu.common.irq.disabled"/>
    <node id="board.icu.ops.uvw_edge" option="board.icu.common.irq.disabled"/>
    <node id="board.icu.pdc.receive_data_ready" option="board.icu.common.irq.disabled"/>
    <node id="board.icu.pdc.frame_end" option="board.icu.common.irq.disabled"/>
    <node id="board.icu.pdc.int" option="board.icu.common.irq.disabled"/>
    <node id="board.icu.poeg.poeg0.event" option="board.icu.common.irq.disabled"/>
    <node id="board.icu.poeg.poeg1.event" option="board.icu.common.irq.disabled"/>
    <node id="board.icu.poeg.poeg2.event" option="board.icu.common.irq.disabled"/>
    <node id="board.icu.poeg.poeg3.event" option="board.icu.common.irq.disabled"/>
    <node id="board.icu.qspi.int" option="board.icu.common.irq.disabled"/>
    <node id="board.icu.rtc.alarm" option="board.icu.common.irq.disabled"/>
    <node id="board.icu.rtc.period" option="board.icu.common.irq.priority4"/>
    <node id="board.icu.rtc.carry" option="board.icu.common.irq.disabled"/>
    <node id="board.icu.sce.proc_busy" option="board.icu.common.irq.disabled"/>
    <node id="board.icu.sce.romok" option="board.icu.common.irq.disabled"/>
    <node id="board.icu.sce.long_plg" option="board.icu.common.irq.disabled"/>
    <node id="board.icu.sce.test_busy" option="board.icu.common.irq.disabled"/>
    <node id="board.icu.sce.wrrdy_0" option="board.icu.common.irq.disabled"/>
    <node id="board.icu.sce.wrrdy_1" option="board.icu.common.irq.disabled"/>
    <node id="board.icu.sce.wrrdy_4" option="board.icu.common.irq.disabled"/>
    <node id="board.icu.sce.rdrdy_0" option="board.icu.common.irq.disabled"/>
    <node id="board.icu.sce.rdrdy_1" option="board.icu.common.irq.disabled"/>
    <node id="board.icu.sce.integrate_wrrdy" option="board.icu.common.irq.disabled"/>
    <node id="board.icu.sce.integrate_rdrdy" option="board.icu.common.irq.disabled"/>
    <node id="board.icu.sci.sci0.rxi" option="board.icu.common.irq.priority4"/>
    <node id="board.icu.sci.sci0.txi" option="board.icu.common.irq.priority4"/>
    <node id="board.icu.sci.sci0.tei" option="board.icu.common.irq.priority4"/>
    <node id="board.icu.sci.sci0.eri" option="board.icu.common.irq.priority4"/>
    <node id="board.icu.sci.sci0.am" option="board.icu.common.irq.disabled"/>
    <node id="board.icu.sci.sci0.rxi_or_eri" option="board.icu.common.irq.disabled"/>
    <node id="board.icu.sci.sci1.rxi" option="board.icu.common.irq.priority5"/>
    <node id="board.icu.sci.sci1.txi" option="board.icu.common.irq.priority5"/>
    <node id="board.icu.sci.sci1.tei" option="board.icu.common.irq.priority5"/>
    <node id="board.icu.sci.sci1.eri" option="board.icu.common.irq.priority5"/>
    <node id="board.icu.sci.sci1.am" option="board.icu.common.irq.disabled"/>
    <node id="board.icu.sci.sci2.rxi" option="board.icu.common.irq.disabled"/>
    <node id="board.icu.sci.sci2.txi" option="board.icu.common.irq.disabled"/>
    <node id="board.icu.sci.sci2.tei" option="board.icu.common.irq.disabled"/>
    <node id="board.icu.sci.sci2.eri" option="board.icu.common.irq.disabled"/>
    <node id="board.icu.sci.sci2.am" option="board.icu.common.irq.disabled"/>
    <node id="board.icu.sci.sci3.rxi" option="board.icu.common.irq.disabled"/>
    <node id="board.icu.sci.sci3.txi" option="board.icu.common.irq.disabled"/>
    <node id="board.icu.sci.sci3.tei" option="board.icu.common.irq.disabled"/>
    <node id="board.icu.sci.sci3.eri" option="board.icu.common.irq.disabled"/>
    <node id="board.icu.sci.sci3.am" option="board.icu.common.irq.disabled"/>
    <node id="board.icu.sci.sci4.rxi" option="board.icu.common.irq.disabled"/>
    <node id="board.icu.sci.sci4.txi" option="board.icu.common.irq.disabled"/>
    <node id="board.icu.sci.sci4.tei" option="board.icu.common.irq.disabled"/>
    <node id="board.icu.sci.sci4.eri" option="board.icu.common.irq.disabled"/>
    <node id="board.icu.sci.sci4.am" option="board.icu.common.irq.disabled"/>
    <node id="board.icu.sci.sci5.rxi" option="board.icu.common.irq.priority2"/>
    <node id="board.icu.sci.sci5.txi" option="board.icu.common.irq.priority2"/>
    <node id="board.icu.sci.sci5.tei" option="board.icu.common.irq.priority2"/>
    <node id="board.icu.sci.sci5.eri" option="board.icu.common.irq.priority2"/>
    <node id="board.icu.sci.sci5.am" option="board.icu.common.irq.disabled"/>
    <node id="board.icu.sci.sci6.rxi" option="board.icu.common.irq.priority4"/>
    <node id="board.icu.sci.sci6.txi" option="board.icu.common.irq.priority4"/>
    <node id="board.icu.sci.sci6.tei" option="board.icu.common.irq.priority4"/>
    <node id="board.icu.sci.sci6.eri" option="board.icu.common.irq.priority4"/>
    <node id="board.icu.sci.sci6.am" option="board.icu.common.irq.disabled"/>
    <node id="board.icu.sci.sci7.rxi" option="board.icu.common.irq.priority4"/>
    <node id="board.icu.sci.sci7.txi" option="board.icu.common.irq.priority4"/>
    <node id="board.icu.sci.sci7.tei" option="board.icu.common.irq.priority4"/>
    <node id="board.icu.sci.sci7.eri" option="board.icu.common.irq.priority4"/>
    <node id="board.icu.sci.sci7.am" option="board.icu.common.irq.disabled"/>
    <node id="board.icu.sci.sci8.rxi" option="board.icu.common.irq.priority4"/>
    <node id="board.icu.sci.sci8.txi" option="board.icu.common.irq.priority4"/>
    <node id="board.icu.sci.sci8.tei" option="board.icu.common.irq.priority4"/>
    <node id="board.icu.sci.sci8.eri" option="board.icu.common.irq.priority4"/>
    <node id="board.icu.sci.sci8.am" option="board.icu.common.irq.disabled"/>
    <node id="board.icu.sci.sci9.rxi" option="board.icu.common.irq.disabled"/>
    <node id="board.icu.sci.sci9.txi" option="board.icu.common.irq.disabled"/>
    <node id="board.icu.sci.sci9.tei" option="board.icu.common.irq.disabled"/>
    <node id="board.icu.sci.sci9.eri" option="board.icu.common.irq.disabled"/>
    <node id="board.icu.sci.sci9.am" option="board.icu.common.irq.disabled"/>
    <node id="board.icu.sdhimmc.sdhimmc0.accs" option="board.icu.common.irq.disabled"/>
    <node id="board.icu.sdhimmc.sdhimmc0.sdio" option="board.icu.common.irq.disabled"/>
    <node id="board.icu.sdhimmc.sdhimmc0.card" option="board.icu.common.irq.disabled"/>
    <node id="board.icu.sdhimmc.sdhimmc0.dma_req" option="board.icu.common.irq.disabled"/>
    <node id="board.icu.sdhimmc.sdhimmc1.accs" option="board.icu.common.irq.disabled"/>
    <node id="board.icu.sdhimmc.sdhimmc1.sdio" option="board.icu.common.irq.disabled"/>
    <node id="board.icu.sdhimmc.sdhimmc1.card" option="board.icu.common.irq.disabled"/>
    <node id="board.icu.sdhimmc.sdhimmc1.dma_req" option="board.icu.common.irq.disabled"/>
    <node id="board.icu.spi.spi0.rxi" option="board.icu.common.irq.disabled"/>
    <node id="board.icu.spi.spi0.txi" option="board.icu.common.irq.disabled"/>
    <node id="board.icu.spi.spi0.idle" option="board.icu.common.irq.disabled"/>
    <node id="board.icu.spi.spi0.eri" option="board.icu.common.irq.disabled"/>
    <node id="board.icu.spi.spi0.tei" option="board.icu.common.irq.disabled"/>
    <node id="board.icu.spi.spi1.rxi" option="board.icu.common.irq.disabled"/>
    <node id="board.icu.spi.spi1.txi" option="board.icu.common.irq.disabled"/>
    <node id="board.icu.spi.spi1.idle" option="board.icu.common.irq.disabled"/>
    <node id="board.icu.spi.spi1.eri" option="board.icu.common.irq.disabled"/>
    <node id="board.icu.spi.spi1.tei" option="board.icu.common.irq.disabled"/>
    <node id="board.icu.src.input_fifo_empty" option="board.icu.common.irq.disabled"/>
    <node id="board.icu.src.output_fifo_full" option="board.icu.common.irq.disabled"/>
    <node id="board.icu.src.output_fifo_overflow" option="board.icu.common.irq.disabled"/>
    <node id="board.icu.src.output_fifo_underflow" option="board.icu.common.irq.disabled"/>
    <node id="board.icu.src.conversion_end" option="board.icu.common.irq.disabled"/>
    <node id="board.icu.ssi.ssi0.txi" option="board.icu.common.irq.disabled"/>
    <node id="board.icu.ssi.ssi0.rxi" option="board.icu.common.irq.disabled"/>
    <node id="board.icu.ssi.ssi0.int" option="board.icu.common.irq.disabled"/>
    <node id="board.icu.ssi.ssi1.txi_rxi" option="board.icu.common.irq.disabled"/>
    <node id="board.icu.ssi.ssi1.int" option="board.icu.common.irq.disabled"/>
    <node id="board.icu.usbfs.fifo_0" option="board.icu.common.irq.disabled"/>
    <node id="board.icu.usbfs.fifo_1" option="board.icu.common.irq.disabled"/>
    <node id="board.icu.usbfs.int" option="board.icu.common.irq.disabled"/>
    <node id="board.icu.usbfs.resume" option="board.icu.common.irq.disabled"/>
    <node id="board.icu.usbhs.fifo_0" option="board.icu.common.irq.disabled"/>
    <node id="board.icu.usbhs.fifo_1" option="board.icu.common.irq.disabled"/>
    <node id="board.icu.usbhs.usb_int_resume" option="board.icu.common.irq.disabled"/>
    <node id="board.icu.wdt.underflow" option="board.icu.common.irq.disabled"/>
  </synergyIcuConfiguration>
  <synergyModuleConfiguration>
    <context id="_hal.384944252">
      <module id="module.driver.cgc_on_cgc.730291671">
        <property id="module.driver.cgc.name" value="g_cgc"/>
      </module>
      <module id="module.driver.elc_on_elc.482927498">
        <property id="module.driver.elc.name" value="g_elc"/>
      </module>
      <module id="module.driver.sci_common.759192093"/>
      <module id="module.driver.adc_on_adc.1835154258">
        <property id="module.driver.adc.name" value="g_adc"/>
        <property id="module.driver.adc.unit" value="0"/>
        <property id="module.driver.adc.resolution" value="module.driver.adc.resolution.resolution_8_bit"/>
        <property id="module.driver.adc.alignment" value="module.driver.adc.alignment.alignment_right"/>
        <property id="module.driver.adc.clearing" value="module.driver.adc.clearing.clear_after_read_off"/>
        <property id="module.driver.adc.mode" value="module.driver.adc.mode.mode_continuous_scan"/>
        <property id="module.driver.adc.scan_mask" value="module.driver.adc.scan_mask.default"/>
        <property id="module.driver.adc.channel_0" value="module.driver.adc.channel_0.used"/>
        <property id="module.driver.adc.channel_1" value="module.driver.adc.scan_mask.channel_1.unused"/>
        <property id="module.driver.adc.channel_2" value="module.driver.adc.scan_mask.channel_2.unused"/>
        <property id="module.driver.adc.channel_3" value="module.driver.adc.scan_mask.channel_3.unused"/>
        <property id="module.driver.adc.channel_4" value="module.driver.adc.scan_mask.channel_4.unused"/>
        <property id="module.driver.adc.channel_5" value="module.driver.adc.scan_mask.channel_5.unused"/>
        <property id="module.driver.adc.channel_6" value="module.driver.adc.scan_mask.channel_6.unused"/>
        <property id="module.driver.adc.channel_7" value="module.driver.adc.scan_mask.channel_7.unused"/>
        <property id="module.driver.adc.channel_8" value="module.driver.adc.scan_mask.channel_8.unused"/>
        <property id="module.driver.adc.channel_9" value="module.driver.adc.scan_mask.channel_9.unused"/>
        <property id="module.driver.adc.channel_10" value="module.driver.adc.scan_mask.channel_10.unused"/>
        <property id="module.driver.adc.channel_11" value="module.driver.adc.scan_mask.channel_11.unused"/>
        <property id="module.driver.adc.channel_12" value="module.driver.adc.scan_mask.channel_12.unused"/>
        <property id="module.driver.adc.channel_13" value="module.driver.adc.scan_mask.channel_13.unused"/>
        <property id="module.driver.adc.channel_14" value="module.driver.adc.scan_mask.channel_14.unused"/>
        <property id="module.driver.adc.channel_15" value="module.driver.adc.scan_mask.channel_15.unused"/>
        <property id="module.driver.adc.channel_16" value="module.driver.adc.scan_mask.channel_16.unused"/>
        <property id="module.driver.adc.channel_17" value="module.driver.adc.scan_mask.channel_17.unused"/>
        <property id="module.driver.adc.channel_18" value="module.driver.adc.scan_mask.channel_18.unused"/>
        <property id="module.driver.adc.channel_19" value="module.driver.adc.scan_mask.channel_19.unused"/>
        <property id="module.driver.adc.channel_20" value="module.driver.adc.scan_mask.channel_20.unused"/>
        <property id="module.driver.adc.channel_21" value="module.driver.adc.scan_mask.channel_21.unused"/>
        <property id="module.driver.adc.channel_22" value="module.driver.adc.scan_mask.channel_22.unused"/>
        <property id="module.driver.adc.channel_23" value="module.driver.adc.scan_mask.channel_23.unused"/>
        <property id="module.driver.adc.channel_24" value="module.driver.adc.scan_mask.channel_24.unused"/>
        <property id="module.driver.adc.channel_25" value="module.driver.adc.scan_mask.channel_25.unused"/>
        <property id="module.driver.adc.channel_26" value="module.driver.adc.scan_mask.channel_26.unused"/>
        <property id="module.driver.adc.channel_27" value="module.driver.adc.scan_mask.channel_27.unused"/>
        <property id="module.driver.adc.channel_temperature" value="module.driver.adc.scan_mask.channel_temperature.unused"/>
        <property id="module.driver.adc.channel_voltage" value="module.driver.adc.scan_mask.channel_voltage.unused"/>
        <property id="module.driver.adc.trigger" value="module.driver.adc.trigger.trigger_software"/>
        <property id="module.driver.adc.trigger_group_b" value="module.driver.adc.trigger_group_b.trigger_sync_elc"/>
        <property id="module.driver.adc.priority_group_a" value="module.driver.adc.priority_group_a.group_a_priority_off"/>
        <property id="module.driver.adc.add_average_count" value="module.driver.adc.add_average_count.add_off"/>
        <property id="module.driver.adc.add_mask" value="module.driver.adc.add_mask.default"/>
        <property id="module.driver.adc.add_mask.channel_0" value="module.driver.adc.add_mask.channel_0.unused"/>
        <property id="module.driver.adc.add_mask.channel_1" value="module.driver.adc.add_mask.channel_1.unused"/>
        <property id="module.driver.adc.add_mask.channel_2" value="module.driver.adc.add_mask.channel_2.unused"/>
        <property id="module.driver.adc.add_mask.channel_3" value="module.driver.adc.add_mask.channel_3.unused"/>
        <property id="module.driver.adc.add_mask.channel_4" value="module.driver.adc.add_mask.channel_4.unused"/>
        <property id="module.driver.adc.add_mask.channel_5" value="module.driver.adc.add_mask.channel_5.unused"/>
        <property id="module.driver.adc.add_mask.channel_16" value="module.driver.adc.add_mask.channel_16.unused"/>
        <property id="module.driver.adc.add_mask.channel_17" value="module.driver.adc.add_mask.channel_17.unused"/>
        <property id="module.driver.adc.add_mask.channel_18" value="module.driver.adc.add_mask.channel_18.unused"/>
        <property id="module.driver.adc.add_mask.channel_19" value="module.driver.adc.add_mask.channel_19.unused"/>
        <property id="module.driver.adc.add_mask.channel_20" value="module.driver.adc.add_mask.channel_20.unused"/>
        <property id="module.driver.adc.add_mask.channel_21" value="module.driver.adc.add_mask.channel_21.unused"/>
        <property id="module.driver.adc.add_mask.channel_temperature" value="module.driver.adc.add_mask.channel_temperature.unused"/>
        <property id="module.driver.adc.add_mask.channel_voltage" value="module.driver.adc.add_mask.channel_voltage.unused"/>
        <property id="module.driver.adc.sample_hold_mask" value="module.driver.adc.sample_hold_mask.default"/>
        <property id="module.driver.adc.sample_hold_mask.channel_0" value="module.driver.adc.sample_hold_mask.channel_0.unused"/>
        <property id="module.driver.adc.sample_hold_mask.channel_1" value="module.driver.adc.sample_hold_mask.channel_1.unused"/>
        <property id="module.driver.adc.sample_hold_mask.channel_2" value="module.driver.adc.sample_hold_mask.channel_2.unused"/>
        <property id="module.driver.adc.sample_hold_states" value="24"/>
        <property id="module.driver.adc.p_callback" value="NULL"/>
      </module>
      <module id="module.driver.adc_on_adc.130343005">
        <property id="module.driver.adc.name" value="g_tmp"/>
        <property id="module.driver.adc.unit" value="module.driver.adc.unit.unit1"/>
        <property id="module.driver.adc.resolution" value="module.driver.adc.resolution.resolution_12_bit"/>
        <property id="module.driver.adc.alignment" value="module.driver.adc.alignment.alignment_right"/>
        <property id="module.driver.adc.clearing" value="module.driver.adc.clearing.clear_after_read_off"/>
        <property id="module.driver.adc.mode" value="module.driver.adc.mode.mode_continuous_scan"/>
        <property id="module.driver.adc.scan_mask" value="module.driver.adc.scan_mask.default"/>
        <property id="module.driver.adc.channel_0" value="module.driver.adc.scan_mask.channel_0.unused"/>
        <property id="module.driver.adc.channel_1" value="module.driver.adc.scan_mask.channel_1.unused"/>
        <property id="module.driver.adc.channel_2" value="module.driver.adc.scan_mask.channel_2.unused"/>
        <property id="module.driver.adc.channel_3" value="module.driver.adc.scan_mask.channel_3.unused"/>
        <property id="module.driver.adc.channel_4" value="module.driver.adc.scan_mask.channel_4.unused"/>
        <property id="module.driver.adc.channel_5" value="module.driver.adc.scan_mask.channel_5.unused"/>
        <property id="module.driver.adc.channel_6" value="module.driver.adc.scan_mask.channel_6.unused"/>
        <property id="module.driver.adc.channel_7" value="module.driver.adc.scan_mask.channel_7.unused"/>
        <property id="module.driver.adc.channel_8" value="module.driver.adc.scan_mask.channel_8.unused"/>
        <property id="module.driver.adc.channel_9" value="module.driver.adc.scan_mask.channel_9.unused"/>
        <property id="module.driver.adc.channel_10" value="module.driver.adc.scan_mask.channel_10.unused"/>
        <property id="module.driver.adc.channel_11" value="module.driver.adc.scan_mask.channel_11.unused"/>
        <property id="module.driver.adc.channel_12" value="module.driver.adc.scan_mask.channel_12.unused"/>
        <property id="module.driver.adc.channel_13" value="module.driver.adc.scan_mask.channel_13.unused"/>
        <property id="module.driver.adc.channel_14" value="module.driver.adc.scan_mask.channel_14.unused"/>
        <property id="module.driver.adc.channel_15" value="module.driver.adc.scan_mask.channel_15.unused"/>
        <property id="module.driver.adc.channel_16" value="module.driver.adc.scan_mask.channel_16.unused"/>
        <property id="module.driver.adc.channel_17" value="module.driver.adc.scan_mask.channel_17.unused"/>
        <property id="module.driver.adc.channel_18" value="module.driver.adc.scan_mask.channel_18.unused"/>
        <property id="module.driver.adc.channel_19" value="module.driver.adc.scan_mask.channel_19.unused"/>
        <property id="module.driver.adc.channel_20" value="module.driver.adc.scan_mask.channel_20.unused"/>
        <property id="module.driver.adc.channel_21" value="module.driver.adc.scan_mask.channel_21.unused"/>
        <property id="module.driver.adc.channel_22" value="module.driver.adc.scan_mask.channel_22.unused"/>
        <property id="module.driver.adc.channel_23" value="module.driver.adc.scan_mask.channel_23.unused"/>
        <property id="module.driver.adc.channel_24" value="module.driver.adc.scan_mask.channel_24.unused"/>
        <property id="module.driver.adc.channel_25" value="module.driver.adc.scan_mask.channel_25.unused"/>
        <property id="module.driver.adc.channel_26" value="module.driver.adc.scan_mask.channel_26.unused"/>
        <property id="module.driver.adc.channel_27" value="module.driver.adc.scan_mask.channel_27.unused"/>
        <property id="module.driver.adc.channel_temperature" value="module.driver.adc.temperature.used"/>
        <property id="module.driver.adc.channel_voltage" value="module.driver.adc.scan_mask.channel_voltage.unused"/>
        <property id="module.driver.adc.trigger" value="module.driver.adc.trigger.trigger_software"/>
        <property id="module.driver.adc.trigger_group_b" value="module.driver.adc.trigger_group_b.trigger_sync_elc"/>
        <property id="module.driver.adc.priority_group_a" value="module.driver.adc.priority_group_a.group_a_priority_off"/>
        <property id="module.driver.adc.add_average_count" value="module.driver.adc.add_average_count.add_off"/>
        <property id="module.driver.adc.add_mask" value="module.driver.adc.add_mask.default"/>
        <property id="module.driver.adc.add_mask.channel_0" value="module.driver.adc.add_mask.channel_0.unused"/>
        <property id="module.driver.adc.add_mask.channel_1" value="module.driver.adc.add_mask.channel_1.unused"/>
        <property id="module.driver.adc.add_mask.channel_2" value="module.driver.adc.add_mask.channel_2.unused"/>
        <property id="module.driver.adc.add_mask.channel_3" value="module.driver.adc.add_mask.channel_3.unused"/>
        <property id="module.driver.adc.add_mask.channel_4" value="module.driver.adc.add_mask.channel_4.unused"/>
        <property id="module.driver.adc.add_mask.channel_5" value="module.driver.adc.add_mask.channel_5.unused"/>
        <property id="module.driver.adc.add_mask.channel_16" value="module.driver.adc.add_mask.channel_16.unused"/>
        <property id="module.driver.adc.add_mask.channel_17" value="module.driver.adc.add_mask.channel_17.unused"/>
        <property id="module.driver.adc.add_mask.channel_18" value="module.driver.adc.add_mask.channel_18.unused"/>
        <property id="module.driver.adc.add_mask.channel_19" value="module.driver.adc.add_mask.channel_19.unused"/>
        <property id="module.driver.adc.add_mask.channel_20" value="module.driver.adc.add_mask.channel_20.unused"/>
        <property id="module.driver.adc.add_mask.channel_21" value="module.driver.adc.add_mask.channel_21.unused"/>
        <property id="module.driver.adc.add_mask.channel_temperature" value="module.driver.adc.add_mask.channel_temperature.unused"/>
        <property id="module.driver.adc.add_mask.channel_voltage" value="module.driver.adc.add_mask.channel_voltage.unused"/>
        <property id="module.driver.adc.sample_hold_mask" value="module.driver.adc.sample_hold_mask.default"/>
        <property id="module.driver.adc.sample_hold_mask.channel_0" value="module.driver.adc.sample_hold_mask.channel_0.unused"/>
        <property id="module.driver.adc.sample_hold_mask.channel_1" value="module.driver.adc.sample_hold_mask.channel_1.unused"/>
        <property id="module.driver.adc.sample_hold_mask.channel_2" value="module.driver.adc.sample_hold_mask.channel_2.unused"/>
        <property id="module.driver.adc.sample_hold_states" value="24"/>
        <property id="module.driver.adc.p_callback" value="NULL"/>
      </module>
      <module id="module.driver.rtc_on_rtc.562810400">
        <property id="module.driver.rtc.name" value="g_rtc"/>
        <property id="module.driver.rtc.clock_source" value="module.driver.rtc.clock_source.clock_source_loco"/>
        <property id="module.driver.rtc.error_adjustment_value" value="0"/>
        <property id="module.driver.rtc.error_adjustment_type" value="module.driver.rtc.error_adjustment_type.error_adjustment_none"/>
        <property id="module.driver.rtc.p_callback" value="rtc_callback"/>
      </module>
      <module id="module.driver.dac_on_dac.1156640044">
        <property id="module.driver.dac.name" value="g_dac"/>
        <property id="module.driver.dac.channel_id" value="0"/>
        <property id="module.driver.dac.ad_da_synchronized" value="module.driver.dac.ad_da_synchronized.false"/>
        <property id="module.driver.dac.data_format" value="module.driver.dac.data_format.data_format_flush_right"/>
        <property id="module.driver.dac.output_amplifier_enabled" value="module.driver.dac.output_amplifier_enabled.false"/>
      </module>
      <module id="module.driver.timer_on_gpt.2085750454">
        <property id="module.driver.timer.name" value="Pmod_timer"/>
        <property id="module.driver.timer.channel" value="0"/>
        <property id="module.driver.timer.mode" value="module.driver.timer.mode.mode_periodic"/>
        <property id="module.driver.timer.period" value="1"/>
        <property id="module.driver.timer.unit" value="module.driver.timer.unit.unit_period_msec"/>
        <property id="module.driver.timer.duty_cycle" value="50"/>
        <property id="module.driver.timer.duty_cycle_unit" value="module.driver.timer.unit.unit_percent"/>
        <property id="module.driver.timer.autostart" value="module.driver.timer.autostart.false"/>
        <property id="module.driver.timer.gtioca_output_enabled" value="module.driver.timer.gtioca_output_enabled.true"/>
        <property id="module.driver.timer.gtioca_stop_level" value="module.driver.timer.gtioca_stop_level.pin_level_retained"/>
        <property id="module.driver.timer.gtiocb_output_enabled" value="module.driver.timer.gtiocb_output_enabled.false"/>
        <property id="module.driver.timer.gtiocb_stop_level" value="module.driver.timer.gtiocb_stop_level.pin_level_low"/>
        <property id="module.driver.timer.p_callback" value="Pmod_timer_callback"/>
      </module>
      <module id="module.framework.sf_message.93665333">
        <property id="module.framework.sf_message.name" value="g_sf_message"/>
        <property id="module.framework.sf_message.work_memory_size" value="2048"/>
        <property id="module.framework.sf_message.buffer_size" value="64"/>
        <property id="module.framework.sf_message.pp_subscriber_lists" value="p_subscriber_lists"/>
        <property id="module.framework.sf_message.p_blk_pool_name" value="sf_msg_blk_pool"/>
      </module>
      <module id="module.driver.flash_on_flash_hp.1820258226">
        <property id="module.driver.flash.name" value="g_flash_hp"/>
        <property id="module.driver.flash.data_flash_bgo" value="module.driver.flash.data_flash_bgo.disabled"/>
        <property id="module.driver.flash.p_callback" value="NULL"/>
      </module>
      <module id="module.driver.ioport_on_ioport.1793624369">
        <property id="module.driver.ioport.name" value="g_ioport"/>
      </module>
    </context>
    <context id="rtos.threadx.thread.442242553">
      <property id="_symbol" value="network_thread"/>
      <property id="rtos.threadx.thread.name" value="Network Thread"/>
      <property id="rtos.threadx.thread.stack" value="1024"/>
      <property id="rtos.threadx.thread.priority" value="1"/>
      <property id="rtos.threadx.thread.autostart" value="rtos.threadx.thread.autostart.disabled"/>
      <property id="rtos.threadx.thread.timeslice" value="10"/>
      <module id="module.el.nx.629250726">
        <property id="module.el.nx.name" value="g_nx"/>
        <property id="module.el.nx.lowerlevelname" value="g_sf_el_nx"/>
      </module>
      <module id="module.framework.sf_el_nx.654688622">
        <property id="module.framework.sf_el_nx.name" value="g_sf_el_nx"/>
        <property id="module.framework.sf_el_nx.channel" value="1"/>
      </module>
      <module id="module.driver.external_irq_on_icu.2047005779">
        <property id="module.driver.external_irq.name" value="g_wifi_external_irq"/>
        <property id="module.driver.external_irq.channel" value="12"/>
        <property id="module.driver.external_irq.trigger" value="module.driver.external_irq.trigger.trig_falling"/>
        <property id="module.driver.external_irq.filter_enable" value="module.driver.external_irq.filter_enable.false"/>
        <property id="module.driver.external_irq.pclk_div" value="module.driver.external_irq.pclk_div.pclk_div_by_64"/>
        <property id="module.driver.external_irq.interrupt_enable" value="module.driver.external_irq.interrupt_enable.true"/>
        <property id="module.driver.external_irq.p_callback" value="g_wifi_external_irq_callback"/>
      </module>
    </context>
    <context id="rtos.threadx.thread.144421894">
      <property id="_symbol" value="hmi_thread"/>
      <property id="rtos.threadx.thread.name" value="HMI Thread"/>
      <property id="rtos.threadx.thread.stack" value="4096"/>
      <property id="rtos.threadx.thread.priority" value="5"/>
      <property id="rtos.threadx.thread.autostart" value="rtos.threadx.thread.autostart.disabled"/>
      <property id="rtos.threadx.thread.timeslice" value="10"/>
      <module id="module.driver.display_on_glcd.1442910971">
        <property id="module.driver.display.name" value="g_display"/>
        <property id="module.driver.display.callback" value="NULL"/>
        <property id="module.driver.display.clksrc" value="module.driver.display.clksrc.clk_src_internal"/>
        <property id="module.driver.display.input0.enable" value="module.driver.display.input0.enable"/>
        <property id="module.driver.display.input0.buffer_number" value="1"/>
        <property id="module.driver.display.input0.section" value="bss"/>
        <property id="module.driver.display.input0.buffer_size" value="261120"/>
        <property id="module.driver.display.input0.hsize" value="480"/>
        <property id="module.driver.display.input0.vsize" value="272"/>
        <property id="module.driver.display.input0.hstride" value="480"/>
        <property id="module.driver.display.input0.format" value="module.driver.display.input0.format.in_format_16bits_rgb565"/>
        <property id="module.driver.display.input0.line_descending_enable" value="module.driver.display.input0.line_descending_enable.false"/>
        <property id="module.driver.display.input0.lines_repeat_enable" value="module.driver.display.input0.lines_repeat_enable.false"/>
        <property id="module.driver.display.input0.lines_repeat_times" value="0"/>
        <property id="module.driver.display.layer0.coordinate.x" value="0"/>
        <property id="module.driver.display.layer0.coordinate.y" value="0"/>
        <property id="module.driver.display.layer0.color.byte.a" value="255"/>
        <property id="module.driver.display.layer0.color.byte.r" value="255"/>
        <property id="module.driver.display.layer0.color.byte.g" value="255"/>
        <property id="module.driver.display.layer0.color.byte.b" value="255"/>
        <property id="module.driver.display.layer0.fade_control" value="module.driver.display.layer0.fade_control.fade_control_none"/>
        <property id="module.driver.display.layer0.fade_speed" value="0"/>
        <property id="module.driver.display.input1.enable" value="module.driver.display.input1.enable.false"/>
        <property id="module.driver.display.input1.buffer_number" value="1"/>
        <property id="module.driver.display.input1.section" value="sdram"/>
        <property id="module.driver.display.input1.buffer_size" value="261120"/>
        <property id="module.driver.display.input1.hsize" value="480"/>
        <property id="module.driver.display.input1.vsize" value="272"/>
        <property id="module.driver.display.input1.hstride" value="480"/>
        <property id="module.driver.display.input1.format" value="module.driver.display.input1.format.in_format_16bits_rgb565"/>
        <property id="module.driver.display.input1.line_descending_enable" value="module.driver.display.input1.line_descending_enable.false"/>
        <property id="module.driver.display.input1.lines_repeat_enable" value="module.driver.display.input1.lines_repeat_enable.false"/>
        <property id="module.driver.display.input1.lines_repeat_times" value="0"/>
        <property id="module.driver.display.layer1.coordinate.x" value="0"/>
        <property id="module.driver.display.layer1.coordinate.y" value="0"/>
        <property id="module.driver.display.layer1.color.byte.a" value="255"/>
        <property id="module.driver.display.layer1.color.byte.r" value="255"/>
        <property id="module.driver.display.layer1.color.byte.g" value="255"/>
        <property id="module.driver.display.layer1.color.byte.b" value="255"/>
        <property id="module.driver.display.layer1.fade_control" value="module.driver.display.layer1.fade_control.fade_control_none"/>
        <property id="module.driver.display.layer1.fade_speed" value="0"/>
        <property id="module.driver.display.output.htiming.total_cyc" value="582"/>
        <property id="module.driver.display.output.htiming.display_cyc" value="480"/>
        <property id="module.driver.display.output.htiming.back_porch" value="43"/>
        <property id="module.driver.display.output.htiming.sync_width" value="41"/>
        <property id="module.driver.display.output.htiming.sync_polarity" value="module.driver.display.output.htiming.sync_polarity.signal_polarity_loactive"/>
        <property id="module.driver.display.output.vtiming.total_cyc" value="286"/>
        <property id="module.driver.display.output.vtiming.display_cyc" value="272"/>
        <property id="module.driver.display.output.vtiming.back_porch" value="12"/>
        <property id="module.driver.display.output.vtiming.sync_width" value="10"/>
        <property id="module.driver.display.output.vtiming.sync_polarity" value="module.driver.display.output.vtiming.sync_polarity.signal_polarity_loactive"/>
        <property id="module.driver.display.output.format" value="module.driver.display.output.format.out_format_16bits_rgb565"/>
        <property id="module.driver.display.output.endian" value="module.driver.display.output.endian.endian_little"/>
        <property id="module.driver.display.output.color_order" value="module.driver.display.output.color_order.color_order_rgb"/>
        <property id="module.driver.display.output.data_enable_polarity" value="module.driver.display.output.data_enable_polarity.signal_polarity_hiactive"/>
        <property id="module.driver.display.output.sync_edge" value="module.driver.display.output.sync_edge.signal_sync_edge_rising"/>
        <property id="module.driver.display.output.bg_color.byte.a" value="255"/>
        <property id="module.driver.display.output.bg_color.byte.r" value="0"/>
        <property id="module.driver.display.output.bg_color.byte.g" value="0"/>
        <property id="module.driver.display.output.bg_color.byte.b" value="0"/>
        <property id="module.driver.display.clut.enable" value="module.driver.display.clut.enable.false"/>
        <property id="module.driver.display.clut.size" value="256"/>
        <property id="module.driver.display.tcon_hsync" value="module.driver.display.tcon_hsync.tcon_pin_1"/>
        <property id="module.driver.display.tcon_vsync" value="module.driver.display.tcon_vsync.tcon_pin_2"/>
        <property id="module.driver.display.tcon_de" value="module.driver.display.tcon_de.tcon_pin_0"/>
        <property id="module.driver.display.clock_div_ratio" value="module.driver.display.clock_div_ratio.panel_clk_divisor_6"/>
        <property id="module.driver.display.output.brightness.enable" value="module.driver.display.output.brightness.false"/>
        <property id="module.driver.display.output.brightness.r" value="512"/>
        <property id="module.driver.display.output.brightness.g" value="512"/>
        <property id="module.driver.display.output.brightness.b" value="512"/>
        <property id="module.driver.display.output.contrast.enable" value="module.driver.display.output.contrast.false"/>
        <property id="module.driver.display.output.contrast.r" value="128"/>
        <property id="module.driver.display.output.contrast.g" value="128"/>
        <property id="module.driver.display.output.contrast.b" value="128"/>
        <property id="module.driver.display.output.gamma.r.enable" value="module.driver.display.output.gamma.r.off"/>
        <property id="module.driver.display.output.gamma.r.gain0" value="0"/>
        <property id="module.driver.display.output.gamma.r.gain1" value="0"/>
        <property id="module.driver.display.output.gamma.r.gain2" value="0"/>
        <property id="module.driver.display.output.gamma.r.gain3" value="0"/>
        <property id="module.driver.display.output.gamma.r.gain4" value="0"/>
        <property id="module.driver.display.output.gamma.r.gain5" value="0"/>
        <property id="module.driver.display.output.gamma.r.gain6" value="0"/>
        <property id="module.driver.display.output.gamma.r.gain7" value="0"/>
        <property id="module.driver.display.output.gamma.r.gain8" value="0"/>
        <property id="module.driver.display.output.gamma.r.gain9" value="0"/>
        <property id="module.driver.display.output.gamma.r.gain10" value="0"/>
        <property id="module.driver.display.output.gamma.r.gain11" value="0"/>
        <property id="module.driver.display.output.gamma.r.gain12" value="0"/>
        <property id="module.driver.display.output.gamma.r.gain13" value="0"/>
        <property id="module.driver.display.output.gamma.r.gain14" value="0"/>
        <property id="module.driver.display.output.gamma.r.gain15" value="0"/>
        <property id="module.driver.display.output.gamma.r.threshold0" value="0"/>
        <property id="module.driver.display.output.gamma.r.threshold1" value="0"/>
        <property id="module.driver.display.output.gamma.r.threshold2" value="0"/>
        <property id="module.driver.display.output.gamma.r.threshold3" value="0"/>
        <property id="module.driver.display.output.gamma.r.threshold4" value="0"/>
        <property id="module.driver.display.output.gamma.r.threshold5" value="0"/>
        <property id="module.driver.display.output.gamma.r.threshold6" value="0"/>
        <property id="module.driver.display.output.gamma.r.threshold7" value="0"/>
        <property id="module.driver.display.output.gamma.r.threshold8" value="0"/>
        <property id="module.driver.display.output.gamma.r.threshold9" value="0"/>
        <property id="module.driver.display.output.gamma.r.threshold10" value="0"/>
        <property id="module.driver.display.output.gamma.r.threshold11" value="0"/>
        <property id="module.driver.display.output.gamma.r.threshold12" value="0"/>
        <property id="module.driver.display.output.gamma.r.threshold13" value="0"/>
        <property id="module.driver.display.output.gamma.r.threshold14" value="0"/>
        <property id="module.driver.display.output.gamma.r.threshold15" value="0"/>
        <property id="module.driver.display.output.gamma.g.enable" value="module.driver.display.output.gamma.g.off"/>
        <property id="module.driver.display.output.gamma.g.gain0" value="0"/>
        <property id="module.driver.display.output.gamma.g.gain1" value="0"/>
        <property id="module.driver.display.output.gamma.g.gain2" value="0"/>
        <property id="module.driver.display.output.gamma.g.gain3" value="0"/>
        <property id="module.driver.display.output.gamma.g.gain4" value="0"/>
        <property id="module.driver.display.output.gamma.g.gain5" value="0"/>
        <property id="module.driver.display.output.gamma.g.gain6" value="0"/>
        <property id="module.driver.display.output.gamma.g.gain7" value="0"/>
        <property id="module.driver.display.output.gamma.g.gain8" value="0"/>
        <property id="module.driver.display.output.gamma.g.gain9" value="0"/>
        <property id="module.driver.display.output.gamma.g.gain10" value="0"/>
        <property id="module.driver.display.output.gamma.g.gain11" value="0"/>
        <property id="module.driver.display.output.gamma.g.gain12" value="0"/>
        <property id="module.driver.display.output.gamma.g.gain13" value="0"/>
        <property id="module.driver.display.output.gamma.g.gain14" value="0"/>
        <property id="module.driver.display.output.gamma.g.gain15" value="0"/>
        <property id="module.driver.display.output.gamma.g.threshold0" value="0"/>
        <property id="module.driver.display.output.gamma.g.threshold1" value="0"/>
        <property id="module.driver.display.output.gamma.g.threshold2" value="0"/>
        <property id="module.driver.display.output.gamma.g.threshold3" value="0"/>
        <property id="module.driver.display.output.gamma.g.threshold4" value="0"/>
        <property id="module.driver.display.output.gamma.g.threshold5" value="0"/>
        <property id="module.driver.display.output.gamma.g.threshold6" value="0"/>
        <property id="module.driver.display.output.gamma.g.threshold7" value="0"/>
        <property id="module.driver.display.output.gamma.g.threshold8" value="0"/>
        <property id="module.driver.display.output.gamma.g.threshold9" value="0"/>
        <property id="module.driver.display.output.gamma.g.threshold10" value="0"/>
        <property id="module.driver.display.output.gamma.g.threshold11" value="0"/>
        <property id="module.driver.display.output.gamma.g.threshold12" value="0"/>
        <property id="module.driver.display.output.gamma.g.threshold13" value="0"/>
        <property id="module.driver.display.output.gamma.g.threshold14" value="0"/>
        <property id="module.driver.display.output.gamma.g.threshold15" value="0"/>
        <property id="module.driver.display.output.gamma.b.enable" value="module.driver.display.output.gamma.b.off"/>
        <property id="module.driver.display.output.gamma.b.gain0" value="0"/>
        <property id="module.driver.display.output.gamma.b.gain1" value="0"/>
        <property id="module.driver.display.output.gamma.b.gain2" value="0"/>
        <property id="module.driver.display.output.gamma.b.gain3" value="0"/>
        <property id="module.driver.display.output.gamma.b.gain4" value="0"/>
        <property id="module.driver.display.output.gamma.b.gain5" value="0"/>
        <property id="module.driver.display.output.gamma.b.gain6" value="0"/>
        <property id="module.driver.display.output.gamma.b.gain7" value="0"/>
        <property id="module.driver.display.output.gamma.b.gain8" value="0"/>
        <property id="module.driver.display.output.gamma.b.gain9" value="0"/>
        <property id="module.driver.display.output.gamma.b.gain10" value="0"/>
        <property id="module.driver.display.output.gamma.b.gain11" value="0"/>
        <property id="module.driver.display.output.gamma.b.gain12" value="0"/>
        <property id="module.driver.display.output.gamma.b.gain13" value="0"/>
        <property id="module.driver.display.output.gamma.b.gain14" value="0"/>
        <property id="module.driver.display.output.gamma.b.gain15" value="0"/>
        <property id="module.driver.display.output.gamma.b.threshold0" value="0"/>
        <property id="module.driver.display.output.gamma.b.threshold1" value="0"/>
        <property id="module.driver.display.output.gamma.b.threshold2" value="0"/>
        <property id="module.driver.display.output.gamma.b.threshold3" value="0"/>
        <property id="module.driver.display.output.gamma.b.threshold4" value="0"/>
        <property id="module.driver.display.output.gamma.b.threshold5" value="0"/>
        <property id="module.driver.display.output.gamma.b.threshold6" value="0"/>
        <property id="module.driver.display.output.gamma.b.threshold7" value="0"/>
        <property id="module.driver.display.output.gamma.b.threshold8" value="0"/>
        <property id="module.driver.display.output.gamma.b.threshold9" value="0"/>
        <property id="module.driver.display.output.gamma.b.threshold10" value="0"/>
        <property id="module.driver.display.output.gamma.b.threshold11" value="0"/>
        <property id="module.driver.display.output.gamma.b.threshold12" value="0"/>
        <property id="module.driver.display.output.gamma.b.threshold13" value="0"/>
        <property id="module.driver.display.output.gamma.b.threshold14" value="0"/>
        <property id="module.driver.display.output.gamma.b.threshold15" value="0"/>
        <property id="module.driver.display.output.dithering_on" value="module.driver.display.output.dithering_on.false"/>
        <property id="module.driver.display.dithering_mode" value="module.driver.display.dithering_mode.dithering_mode_trancate"/>
        <property id="module.driver.display.dithering_pattern_A" value="module.driver.display.dithering_pattern_A.dithering_pattern_11"/>
        <property id="module.driver.display.dithering_pattern_B" value="module.driver.display.dithering_pattern_B.dithering_pattern_11"/>
        <property id="module.driver.display.dithering_pattern_C" value="module.driver.display.dithering_pattern_C.dithering_pattern_11"/>
        <property id="module.driver.display.dithering_pattern_D" value="module.driver.display.dithering_pattern_D.dithering_pattern_11"/>
        <property id="module.driver.display.correction_proc_order" value="module.driver.display.correction_proc_order.correction_proc_order_brightness_contrast2gamma"/>
      </module>
      <module id="module.framework.sf_el_gx.1852900724">
        <property id="module.framework.sf_el_gx.name" value="g_sf_el_gx"/>
        <property id="module.framework.sf_el_gx.p_display_instance" value="g_display"/>
        <property id="module.framework.sf_el_gx.p_display_runtime_cfg" value="g_display_runtime_cfg_bg"/>
        <property id="module.framework.sf_el_gx.p_framebuffer_a" value="g_display_fb_background[0]"/>
        <property id="module.framework.sf_el_gx.p_framebuffer_b" value="NULL"/>
        <property id="module.framework.sf_el_gx.p_callback" value="NULL"/>
        <property id="module.framework.sf_el_gx.p_jpegbuffer" value="NULL"/>
        <property id="module.framework.sf_el_gx.jpegbuffer_size" value="0"/>
        <property id="module.framework.sf_el_gx.jpegWB_section" value="bss"/>
      </module>
      <module id="module.el.gx.2123485657"/>
      <module id="module.framework.sf_touch_panel_on_sf_touch_panel_i2c.425167442">
        <property id="module.framework.sf_touch_panel.name" value="g_sf_touch_panel_i2c"/>
        <property id="module.framework.sf_touch_panel.chip" value="g_sf_touch_panel_i2c_chip_sx8654"/>
        <property id="module.framework.sf_touch_panel.messagename" value="g_sf_message"/>
        <property id="module.framework.sf_touch_panel.priority" value="3"/>
        <property id="module.framework.sf_touch_panel.hsize_pixels" value="480"/>
        <property id="module.framework.sf_touch_panel.vsize_pixels" value="272"/>
        <property id="module.framework.sf_touch_panel.update_hz" value="10"/>
        <property id="module.framework.sf_touch_panel.pin" value="IOPORT_PORT_07_PIN_11"/>
        <property id="module.framework.sf_touch_panel.lowerleveli2capi" value="module.framework.sf_touch_panel.lowerleveli2capi.sci"/>
        <property id="module.framework.sf_touch_panel.lowerleveli2cname" value="g_i2c"/>
        <property id="module.framework.sf_touch_panel.lowerlevelsfexternalirqapi" value="module.framework.sf_touch_panel.lowerlevelsfexternalirqapi.sfexternalirq"/>
        <property id="module.framework.sf_touch_panel.lowerlevelsfexternalirqname" value="g_sf_external_irq"/>
      </module>
      <module id="module.framework.sf_external_irq_on_sf_external_irq.233556774">
        <property id="module.framework.sf_external_irq.name" value="g_sf_external_irq"/>
        <property id="module.framework.sf_external_irq.event" value="module.framework.sf_external_irq.event.button_event_semaphore_put"/>
        <property id="module.framework.sf_external_irq.lowerlevelname" value="g_external_irq"/>
      </module>
      <module id="module.driver.external_irq_on_icu.749644504">
        <property id="module.driver.external_irq.name" value="g_external_irq"/>
        <property id="module.driver.external_irq.channel" value="7"/>
        <property id="module.driver.external_irq.trigger" value="module.driver.external_irq.trigger.trig_falling"/>
        <property id="module.driver.external_irq.filter_enable" value="module.driver.external_irq.filter_enable.true"/>
        <property id="module.driver.external_irq.pclk_div" value="module.driver.external_irq.pclk_div.pclk_div_by_64"/>
        <property id="module.driver.external_irq.interrupt_enable" value="module.driver.external_irq.interrupt_enable.true"/>
        <property id="module.driver.external_irq.p_callback" value="NULL"/>
      </module>
      <module id="module.driver.i2c_on_sci_i2c.1319615331">
        <property id="module.driver.i2c.name" value="g_i2c"/>
        <property id="module.driver.i2c.channel" value="7"/>
        <property id="module.driver.i2c.rate" value="module.driver.i2c.rate.rate_standard"/>
        <property id="module.driver.i2c.slave" value="0x48"/>
        <property id="module.driver.i2c.addr_mode" value="module.driver.i2c.addr_mode.addr_mode_7bit"/>
        <property id="module.driver.i2c.p_callback" value="NULL"/>
      </module>
      <object id="rtos.threadx.object.queue.1962602194">
        <property id="rtos.threadx.object.queue.name" value="Touch Panel Queue"/>
        <property id="rtos.threadx.object.queue.symbol" value="g_sf_touch_panel_queue"/>
        <property id="rtos.threadx.object.queue.msg_size" value="1"/>
        <property id="rtos.threadx.object.queue.queue_size" value="20"/>
      </object>
    </context>
    <config id="config.framework.sf_touch_panel_i2c">
      <property id="config.framework.sf_touch_panel_i2c.param_checking_enable" value="config.framework.sf_touch_panel_i2c.param_checking_enable.bsp"/>
    </config>
    <config id="config.driver.flash_hp">
      <property id="config.driver.flash_hp.param_checking_enable" value="config.driver.flash_hp.param_checking_enable.enabled"/>
      <property id="config.driver.flash_hp.param_code_flash_programming_enable" value="config.driver.flash_hp.param_code_flash_programming_enable.enabled"/>
    </config>
    <config id="config.driver.sci_common">
      <property id="config.driver.sci_common.async" value="config.driver.sci_common.async.enabled"/>
      <property id="config.driver.sci_common.spi" value="config.driver.sci_common.spi.enabled"/>
      <property id="config.driver.sci_common.i2c" value="config.driver.sci_common.i2c.enabled"/>
    </config>
    <config id="config.driver.rtc">
      <property id="config.driver.rtc.param_checking_enable" value="config.driver.rtc.param_checking_enable.bsp"/>
    </config>
    <config id="config.driver.glcd">
      <property id="config.driver.glcd.param_checking_enable" value="config.driver.glcd.param_checking_enable.bsp"/>
    </config>
    <config id="config.el.gx"/>
    <config id="config.framework.sf_message">
      <property id="config.framework.sf_message.param_checking_enable" value="config.framework.sf_message.param_checking_enable.bsp"/>
    </config>
    <config id="config.framework.sf_el_nx">
      <property id="config.framework.sf_el_nx.param_checking_enable" value="config.framework.sf_el_nx.param_checking_enable.bsp"/>
      <property id="config.framework.sf_el_nx.pin0" value="IOPORT_PORT_09_PIN_03"/>
      <property id="config.framework.sf_el_nx.mach0" value="0x00002E09"/>
      <property id="config.framework.sf_el_nx.macl0" value="0x0A0076C7"/>
      <property id="config.framework.sf_el_nx.pin1" value="IOPORT_PORT_07_PIN_06"/>
      <property id="config.framework.sf_el_nx.mach1" value="0x00002E09"/>
      <property id="config.framework.sf_el_nx.macl1" value="0x0A0076C8"/>
      <property id="config.framework.sf_el_nx.num_rx_desc" value="8"/>
      <property id="config.framework.sf_el_nx.num_tx_desc" value="32"/>
    </config>
    <config id="config.driver.elc">
      <property id="config.driver.elc.checking" value="config.driver.elc.checking.system"/>
    </config>
    <config id="config.framework.sf_external_irq">
      <property id="config.framework.sf_external_irq.param_checking_enable" value="config.framework.sf_external_irq.param_checking_enable.bsp"/>
    </config>
    <config id="config.driver.cgc">
      <property id="config.driver.cgc.param_checking_enable" value="config.driver.cgc.param_checking_enable.bsp"/>
      <property id="config.driver.cgc.main_osc_wait" value="config.driver.cgc.main_osc_wait.wait_8163"/>
      <property id="config.driver.cgc.main_osc_clock_source" value="config.driver.cgc.main_osc_clock_source.external_osc"/>
      <property id="config.driver.cgc.osc_stop_det_used" value="config.driver.cgc.osc_stop_det_used.enabled"/>
      <property id="config.driver.cgc.subclock_drive" value="config.driver.cgc.subclock_drive.standard"/>
    </config>
    <config id="config.driver.ioport">
      <property id="config.driver.ioport.checking" value="config.driver.ioport.checking.system"/>
    </config>
    <config id="config.threadx.thread"/>
    <config id="config.driver.rspi">
      <property id="config.driver.rspi.param_checking_enable" value="config.driver.rspi.param_checking_enable.bsp"/>
    </config>
    <config id="config.driver.dac">
      <property id="config.driver.dac.param_checking_enable" value="config.driver.dac.param_checking_enable.bsp"/>
    </config>
    <config id="config.driver.adc">
      <property id="config.driver.adc.param_checking_enable" value="config.driver.adc.param_checking_enable.enabled"/>
    </config>
    <config id="config.driver.sci_uart">
      <property id="config.driver.sci_uart.external_rts_operation" value="config.driver.sci_uart.external_rts_operation.enabled"/>
      <property id="config.driver.sci_uart.uart_rx_enable" value="config.driver.sci_uart.uart_rx_enable.enabled"/>
      <property id="config.driver.sci_uart.uart_tx_enable" value="config.driver.sci_uart.uart_tx_enable.enabled"/>
      <property id="config.driver.sci_uart.param_checking_enable" value="config.driver.sci_uart.param_checking_enable.bsp"/>
    </config>
    <config id="config.el.nx"/>
    <config id="config.driver.sci_spi">
      <property id="config.driver.sci_spi.param_checking_enable" value="config.driver.sci_spi.param_checking_enable.bsp"/>
    </config>
    <config id="config.driver.dtc">
      <property id="config.driver.dtc.param_checking_enable" value="config.driver.dtc.param_checking_enable.bsp"/>
    </config>
    <config id="config.framework.sf_el_gx">
      <property id="config.framework.sf_el_gx.param_checking_enable" value="config.framework.sf_el_gx.param_checking_enable.bsp"/>
      <property id="config.framework.sf_el_gx.render_acceleration_2dg" value="config.framework.sf_el_gx.render_acceleration_2dg.disabled"/>
      <property id="config.framework.sf_el_gx.render_acceleration_jpeg" value="config.framework.sf_el_gx.render_acceleration_jpeg.disabled"/>
    </config>
    <config id="config.driver.gpt">
      <property id="config.driver.gpt.param_checking_enable" value="config.driver.gpt.param_checking_enable.bsp"/>
    </config>
    <config id="config.driver.sci_i2c">
      <property id="config.driver.sci_i2c.param_checking_enable" value="config.driver.sci_i2c.param_checking_enable.bsp"/>
    </config>
    <config id="config.driver.icu">
      <property id="config.driver.icu.param_checking_enable" value="config.driver.icu.param_checking_enable.bsp"/>
    </config>
    <config id="config.driver.fmi">
      <property id="config.driver.fmi.param_checking_enable" value="config.driver.fmi.param_checking_enable.bsp"/>
    </config>
  </synergyModuleConfiguration>
</synergyConfiguration>
