<?xml version="1.0" encoding="UTF-8" standalone="no"?>
<synergyConfiguration version="3">
  <generalSettings>
    <option key="#Board#" value="board.s7g2_sk"/>
    <option key="CPU" value="S7G2"/>
    <option key="#TargetName#" value="R7FS7G27H3A01CFC"/>
    <option key="#TargetARCHITECTURE#" value="cortex-m4"/>
    <option key="#RTOS#" value="Express Logic ThreadX"/>
    <option key="#pinconfiguration#" value="S7G2-SK.pincfg"/>
    <option key="#SSPVersion#" value="1.1.3"/>
    <option key="#DefaultLinkerScript#" value="S7G2.ld"/>
  </generalSettings>
  <synergyBspConfiguration>
    <config id="config.board.s7g2_sk">
      <property id="config.board.s7g2_sk.package" value="config.board.s7g2_sk.package.fc"/>
      <property id="config.board.s7g2_sk.memory" value="config.board.s7g2_sk.memory.h"/>
      <property id="config.board.s7g2_sk.core" value="config.board.s7g2_sk.group.g"/>
      <property id="config.board.s7g2_sk.series" value="config.board.s7g2_sk.series.7"/>
      <property id="config.board.s7g2_sk.main" value="0x1000"/>
      <property id="config.board.s7g2_sk.process" value="0"/>
      <property id="config.board.s7g2_sk.heap" value="0x1000"/>
      <property id="config.mcu.s7g2.OFS0" value="config.mcu.s7g2.OFS0_Register.default"/>
      <property id="config.mcu.s7g2.OFS0.iwdt_start_mode" value="config.mcu.s7g2.OFS0.iwdt_start_mode.disabled"/>
      <property id="config.mcu.s7g2.OFS0.iwdt_timeout" value="config.mcu.s7g2.OFS0.iwdt_timeout.2048"/>
      <property id="config.mcu.s7g2.OFS0.iwdt_divisor" value="config.mcu.s7g2.OFS0.iwdt_divisor.128"/>
      <property id="config.mcu.s7g2.OFS0.iwdt_window_end" value="config.mcu.s7g2.OFS0.iwdt_window_end.0"/>
      <property id="config.mcu.s7g2.OFS0.iwdt_window_start" value="config.mcu.s7g2.OFS0.iwdt_window_start.100"/>
      <property id="config.mcu.s7g2.OFS0.iwdt_reset_interrupt" value="config.mcu.s7g2.OFS0.iwdt_reset_interrupt.Reset"/>
      <property id="config.mcu.s7g2.OFS0.iwdt_stop_control" value="config.mcu.s7g2.OFS0.iwdt_stop_control.stops"/>
      <property id="config.mcu.s7g2.OFS0.wdt_start_mode" value="config.mcu.s7g2.OFS0.wdt_start_mode.register"/>
      <property id="config.mcu.s7g2.OFS0.wdt_timeout" value="config.mcu.s7g2.OFS0.wdt_timeout.16384"/>
      <property id="config.mcu.s7g2.OFS0.wdt_divisor" value="config.mcu.s7g2.OFS0.wdt_divisor.128"/>
      <property id="config.mcu.s7g2.OFS0.wdt_window_end" value="config.mcu.s7g2.OFS0.wdt_window_end.0"/>
      <property id="config.mcu.s7g2.OFS0.wdt_window_start" value="config.mcu.s7g2.OFS0.wdt_window_start.100"/>
      <property id="config.mcu.s7g2.OFS0.wdt_reset_interrupt" value="config.mcu.s7g2.OFS0.wdt_reset_interrupt.Reset"/>
      <property id="config.mcu.s7g2.OFS0.wdt_stop_control" value="config.mcu.s7g2.OFS0.wdt_stop_control.stops"/>
      <property id="config.mcu.s7g2.OFS1" value="config.mcu.s7g2.OFS1_Register.default"/>
      <property id="config.mcu.s7g2.OFS1.voltage_detection0.start" value="config.mcu.s7g2.OFS1.voltage_detection0.start.disabled"/>
      <property id="config.mcu.s7g2.OFS1.voltage_detection0_level" value="config.mcu.s7g2.OFS1.voltage_detection0_level.280"/>
      <property id="config.mcu.s7g2.OFS1.hoco_osc" value="config.mcu.s7g2.OFS1.hoco_osc.disabled"/>
      <property id="config.board.s7g2_sk.id1" value="0xFFFFFFFF"/>
      <property id="config.board.s7g2_sk.id2" value="0xFFFFFFFF"/>
      <property id="config.board.s7g2_sk.id3" value="0xFFFFFFFF"/>
      <property id="config.board.s7g2_sk.id4" value="0xFFFFFFFF"/>
      <property id="config.board.common.vcc" value="3300"/>
      <property id="config.board.common.checking" value="config.board.common.checking.enabled"/>
      <property id="config.board.common.rtos" value="config.board.common.rtos.tx"/>
      <property id="config.board.common.assert" value="config.board.common.assert.none"/>
      <property id="config.board.common.error_log" value="config.board.common.error_log.none"/>
    </config>
  </synergyBspConfiguration>
  <synergyClockConfiguration>
    <node id="board.clock.xtal.freq" mul="24000000" option="_edit"/>
    <node id="board.clock.pll.source" option="board.clock.pll.source.xtal"/>
    <node id="board.clock.hoco.freq" option="board.clock.hoco.freq.20m"/>
    <node id="board.clock.loco.freq" option="board.clock.loco.freq.32768"/>
    <node id="board.clock.moco.freq" option="board.clock.moco.freq.8m"/>
    <node id="board.clock.subclk.freq" option="board.clock.subclk.freq.32768"/>
    <node id="board.clock.pll.div" option="board.clock.pll.div.2"/>
    <node id="board.clock.pll.mul" option="board.clock.pll.mul.200"/>
    <node id="board.clock.pll.display" option="board.clock.pll.display.value"/>
    <node id="board.clock.clock.source" option="board.clock.clock.source.pll"/>
    <node id="board.clock.iclk.div" option="board.clock.iclk.div.1"/>
    <node id="board.clock.iclk.display" option="board.clock.iclk.display.value"/>
    <node id="board.clock.pclka.div" option="board.clock.pclka.div.2"/>
    <node id="board.clock.pclka.display" option="board.clock.pclka.display.value"/>
    <node id="board.clock.pclkb.div" option="board.clock.pclkb.div.4"/>
    <node id="board.clock.pclkb.display" option="board.clock.pclkb.display.value"/>
    <node id="board.clock.pclkc.div" option="board.clock.pclkc.div.4"/>
    <node id="board.clock.pclkc.display" option="board.clock.pclkc.display.value"/>
    <node id="board.clock.pclkd.div" option="board.clock.pclkd.div.2"/>
    <node id="board.clock.pclkd.display" option="board.clock.pclkd.display.value"/>
    <node id="board.clock.sdclkout.div" option="board.clock.sdclkout.div.1"/>
    <node id="board.clock.sdclkout.display" option="board.clock.sdclkout.display.value"/>
    <node id="board.clock.bclk.div" option="board.clock.bclk.div.2"/>
    <node id="board.clock.bclk.display" option="board.clock.bclk.display.value"/>
    <node id="board.clock.bclkout.div" option="board.clock.bclkout.div.2"/>
    <node id="board.clock.bclkout.display" option="board.clock.bclkout.display.value"/>
    <node id="board.clock.uclk.div" option="board.clock.uclk.div.5"/>
    <node id="board.clock.uclk.display" option="board.clock.uclk.display.value"/>
    <node id="board.clock.fclk.div" option="board.clock.fclk.div.4"/>
    <node id="board.clock.fclk.display" option="board.clock.fclk.display.value"/>
  </synergyClockConfiguration>
  <synergyComponentSelection>
    <component apiversion="" class="HAL Drivers" condition="" group="all" subgroup="r_ioport" variant="" vendor="Renesas" version="1.1.1">
      <description>I/O Port: Provides=[IO Port]</description>
      <originalPack>Renesas.Synergy.1.1.1.pack</originalPack>
    </component>
    <component apiversion="" class="HAL Drivers" condition="" group="all" subgroup="r_elc" variant="" vendor="Renesas" version="1.1.0">
      <description>Event Link Controller: Provides=[ELC]</description>
      <originalPack>Renesas.Synergy.1.1.0.pack</originalPack>
    </component>
    <component apiversion="" class="Express Logic" condition="" group="all" subgroup="tx" variant="" vendor="Renesas" version="1.1.0">
      <description>Express Logic ThreadX: Provides=[ThreadX]</description>
      <originalPack>Renesas.Synergy.1.1.0.pack</originalPack>
    </component>
    <component apiversion="" class="Express Logic" condition="" group="all" subgroup="nx" variant="" vendor="Renesas" version="1.1.1">
      <description>Express Logic NetX: Provides=[NetX] , Requires=[ThreadX ,NetX Driver]</description>
      <originalPack>Renesas.Synergy.1.1.1.pack</originalPack>
    </component>
    <component apiversion="" class="Express Logic" condition="" group="all" subgroup="nx_dhcp" variant="" vendor="Renesas" version="1.1.1">
      <description>Express Logic NetX DHCP: Provides=[NetX DHCP] , Requires=[NetX]</description>
      <originalPack>Renesas.Synergy.1.1.1.pack</originalPack>
    </component>
    <component apiversion="" class="Framework Services" condition="" group="all" subgroup="sf_external_irq" variant="" vendor="Renesas" version="1.1.0">
      <description>Framework External IRQ: Provides=[Framework External IRQ] , Requires=[External IRQ ,ThreadX]</description>
      <originalPack>Renesas.Synergy.1.1.0.pack</originalPack>
    </component>
    <component apiversion="" class="Framework Services" condition="" group="all" subgroup="sf_message" variant="" vendor="Renesas" version="1.1.0">
      <description>Messaging Framework: Provides=[Message] , Requires=[ThreadX]</description>
      <originalPack>Renesas.Synergy.1.1.0.pack</originalPack>
    </component>
    <component apiversion="" class="HAL Drivers" condition="" group="all" subgroup="r_icu" variant="" vendor="Renesas" version="1.1.0">
      <description>External IRQ: Provides=[External IRQ]</description>
      <originalPack>Renesas.Synergy.1.1.0.pack</originalPack>
    </component>
    <component apiversion="" class="Express Logic" condition="" group="all" subgroup="nx_dns" variant="" vendor="Renesas" version="1.1.0">
      <description>Express Logic NetX DNS: Provides=[NetX DNS] , Requires=[NetX]</description>
      <originalPack>Renesas.Synergy.1.1.0.pack</originalPack>
    </component>
    <component apiversion="" class="HAL Drivers" condition="" group="all" subgroup="r_sci_i2c" variant="" vendor="Renesas" version="1.1.1">
      <description>SCI I2C: Provides=[I2C Master] , Requires=[SCI Common]</description>
      <originalPack>Renesas.Synergy.1.1.1.pack</originalPack>
    </component>
    <component apiversion="" class="HAL Drivers" condition="" group="all" subgroup="r_fmi" variant="" vendor="Renesas" version="1.1.0">
      <description>Factory MCU Information Module: Provides=[FMI]</description>
      <originalPack>Renesas.Synergy.1.1.0.pack</originalPack>
    </component>
    <component apiversion="" class="HAL Drivers" condition="" group="all" subgroup="r_dtc" variant="" vendor="Renesas" version="1.1.1">
      <description>Data Transfer Controller: Provides=[Transfer]</description>
      <originalPack>Renesas.Synergy.1.1.1.pack</originalPack>
    </component>
    <component apiversion="" class="HAL Drivers" condition="" group="all" subgroup="r_gpt" variant="" vendor="Renesas" version="1.1.1">
      <description>General Purpose Timer: Provides=[Timer ,GPT]</description>
      <originalPack>Renesas.Synergy.1.1.1.pack</originalPack>
    </component>
    <component apiversion="" class="HAL Drivers" condition="" group="all" subgroup="r_sci_uart" variant="" vendor="Renesas" version="1.1.1">
      <description>SCI UART: Provides=[UART] , Requires=[SCI Common]</description>
      <originalPack>Renesas.Synergy.1.1.1.pack</originalPack>
    </component>
    <component apiversion="" class="Common" condition="" group="all" subgroup="ssp_common" variant="" vendor="Renesas" version="1.1.3">
      <description>SSP Common Code</description>
      <originalPack>Renesas.Synergy.1.1.3.pack</originalPack>
    </component>
    <component apiversion="" class="HAL Drivers" condition="" group="all" subgroup="r_cgc" variant="" vendor="Renesas" version="1.1.3">
      <description>Clock Generation Circuit: Provides=[CGC]</description>
      <originalPack>Renesas.Synergy.1.1.3.pack</originalPack>
    </component>
    <component apiversion="" class="HAL Drivers" condition="" group="all" subgroup="r_riic" variant="" vendor="Renesas" version="1.1.3">
      <description>RIIC: Provides=[I2C Master]</description>
      <originalPack>Renesas.Synergy.1.1.3.pack</originalPack>
    </component>
    <component apiversion="" class="HAL Drivers" condition="" group="all" subgroup="r_rspi" variant="" vendor="Renesas" version="1.1.3">
      <description>RSPI: Provides=[SPI]</description>
      <originalPack>Renesas.Synergy.1.1.3.pack</originalPack>
    </component>
    <component apiversion="" class="HAL Drivers" condition="" group="all" subgroup="r_sci_common" variant="" vendor="Renesas" version="1.1.3">
      <description>SCI Common: Provides=[SCI]</description>
      <originalPack>Renesas.Synergy.1.1.3.pack</originalPack>
    </component>
    <component apiversion="" class="HAL Drivers" condition="" group="all" subgroup="r_sci_spi" variant="" vendor="Renesas" version="1.1.3">
      <description>SCI SPI: Provides=[SPI] , Requires=[SCI Common]</description>
      <originalPack>Renesas.Synergy.1.1.3.pack</originalPack>
    </component>
    <component apiversion="" class="BSP" condition="" group="BSP" subgroup="s7g2_sk" variant="" vendor="Renesas" version="1.1.3">
      <description>Board Support Package for S7G2_SK</description>
      <originalPack>Renesas.Synergy.1.1.3.pack</originalPack>
    </component>
    <component apiversion="" class="Framework Services" condition="" group="all" subgroup="sf_el_nx" variant="" vendor="Renesas" version="1.1.0">
      <description>Express Logic NetX Synergy Port: Provides=[NetX Driver] , Requires=[NetX]</description>
      <originalPack>Renesas.Synergy.1.1.0.pack</originalPack>
    </component>
  </synergyComponentSelection>
  <synergyIcuConfiguration>
    <node id="board.icu.adc.adc0.scan_end" option="board.icu.common.irq.disabled"/>
    <node id="board.icu.adc.adc0.scan_end_b" option="board.icu.common.irq.disabled"/>
    <node id="board.icu.adc.adc0.window_a" option="board.icu.common.irq.disabled"/>
    <node id="board.icu.adc.adc0.window_b" option="board.icu.common.irq.disabled"/>
    <node id="board.icu.adc.adc0.compare_match" option="board.icu.common.irq.disabled"/>
    <node id="board.icu.adc.adc0.compare_mismatch" option="board.icu.common.irq.disabled"/>
    <node id="board.icu.adc.adc1.scan_end" option="board.icu.common.irq.disabled"/>
    <node id="board.icu.adc.adc1.scan_end_b" option="board.icu.common.irq.disabled"/>
    <node id="board.icu.adc.adc1.window_a" option="board.icu.common.irq.disabled"/>
    <node id="board.icu.adc.adc1.window_b" option="board.icu.common.irq.disabled"/>
    <node id="board.icu.adc.adc1.compare_match" option="board.icu.common.irq.disabled"/>
    <node id="board.icu.adc.adc1.compare_mismatch" option="board.icu.common.irq.disabled"/>
    <node id="board.icu.agt.agt0.int" option="board.icu.common.irq.disabled"/>
    <node id="board.icu.agt.agt0.compare_a" option="board.icu.common.irq.disabled"/>
    <node id="board.icu.agt.agt0.compare_b" option="board.icu.common.irq.disabled"/>
    <node id="board.icu.agt.agt1.int" option="board.icu.common.irq.disabled"/>
    <node id="board.icu.agt.agt1.compare_a" option="board.icu.common.irq.disabled"/>
    <node id="board.icu.agt.agt1.compare_b" option="board.icu.common.irq.disabled"/>
    <node id="board.icu.cac.frequency_error" option="board.icu.common.irq.disabled"/>
    <node id="board.icu.cac.measurement_end" option="board.icu.common.irq.disabled"/>
    <node id="board.icu.cac.overflow" option="board.icu.common.irq.disabled"/>
    <node id="board.icu.can.can0.error" option="board.icu.common.irq.disabled"/>
    <node id="board.icu.can.can0.fifo_rx" option="board.icu.common.irq.disabled"/>
    <node id="board.icu.can.can0.fifo_tx" option="board.icu.common.irq.disabled"/>
    <node id="board.icu.can.can0.mailbox_rx" option="board.icu.common.irq.disabled"/>
    <node id="board.icu.can.can0.mailbox_tx" option="board.icu.common.irq.disabled"/>
    <node id="board.icu.can.can1.error" option="board.icu.common.irq.disabled"/>
    <node id="board.icu.can.can1.fifo_rx" option="board.icu.common.irq.disabled"/>
    <node id="board.icu.can.can1.fifo_tx" option="board.icu.common.irq.disabled"/>
    <node id="board.icu.can.can1.mailbox_rx" option="board.icu.common.irq.disabled"/>
    <node id="board.icu.can.can1.mailbox_tx" option="board.icu.common.irq.disabled"/>
    <node id="board.icu.cgc.mosc_stop" option="board.icu.common.irq.disabled"/>
    <node id="board.icu.comp.hs_0" option="board.icu.common.irq.disabled"/>
    <node id="board.icu.comp.hs_1" option="board.icu.common.irq.disabled"/>
    <node id="board.icu.comp.hs_2" option="board.icu.common.irq.disabled"/>
    <node id="board.icu.comp.hs_3" option="board.icu.common.irq.disabled"/>
    <node id="board.icu.comp.hs_4" option="board.icu.common.irq.disabled"/>
    <node id="board.icu.comp.hs_5" option="board.icu.common.irq.disabled"/>
    <node id="board.icu.ctsu.write" option="board.icu.common.irq.disabled"/>
    <node id="board.icu.ctsu.read" option="board.icu.common.irq.disabled"/>
    <node id="board.icu.ctsu.end" option="board.icu.common.irq.disabled"/>
    <node id="board.icu.dmac.dmac0.int" option="board.icu.common.irq.disabled"/>
    <node id="board.icu.dmac.dmac1.int" option="board.icu.common.irq.disabled"/>
    <node id="board.icu.dmac.dmac2.int" option="board.icu.common.irq.disabled"/>
    <node id="board.icu.dmac.dmac3.int" option="board.icu.common.irq.disabled"/>
    <node id="board.icu.dmac.dmac4.int" option="board.icu.common.irq.disabled"/>
    <node id="board.icu.dmac.dmac5.int" option="board.icu.common.irq.disabled"/>
    <node id="board.icu.dmac.dmac6.int" option="board.icu.common.irq.disabled"/>
    <node id="board.icu.dmac.dmac7.int" option="board.icu.common.irq.disabled"/>
    <node id="board.icu.doc.int" option="board.icu.common.irq.disabled"/>
    <node id="board.icu.drw.int" option="board.icu.common.irq.priority3"/>
    <node id="board.icu.dtc.complete" option="board.icu.common.irq.disabled"/>
    <node id="board.icu.dtc.end" option="board.icu.common.irq.disabled"/>
    <node id="board.icu.edmac.edmac0.eint" option="board.icu.common.irq.priority4"/>
    <node id="board.icu.edmac.edmac1.eint" option="board.icu.common.irq.priority3"/>
    <node id="board.icu.elc.software_event_0" option="board.icu.common.irq.disabled"/>
    <node id="board.icu.elc.software_event_1" option="board.icu.common.irq.disabled"/>
    <node id="board.icu.eptpc.ipls" option="board.icu.common.irq.disabled"/>
    <node id="board.icu.eptpc.mint" option="board.icu.common.irq.disabled"/>
    <node id="board.icu.eptpc.pint" option="board.icu.common.irq.disabled"/>
    <node id="board.icu.eptpc.timer0_rise" option="board.icu.common.irq.disabled"/>
    <node id="board.icu.eptpc.timer1_rise" option="board.icu.common.irq.disabled"/>
    <node id="board.icu.eptpc.timer2_rise" option="board.icu.common.irq.disabled"/>
    <node id="board.icu.eptpc.timer3_rise" option="board.icu.common.irq.disabled"/>
    <node id="board.icu.eptpc.timer4_rise" option="board.icu.common.irq.disabled"/>
    <node id="board.icu.eptpc.timer5_rise" option="board.icu.common.irq.disabled"/>
    <node id="board.icu.eptpc.timer0_fall" option="board.icu.common.irq.disabled"/>
    <node id="board.icu.eptpc.timer1_fall" option="board.icu.common.irq.disabled"/>
    <node id="board.icu.eptpc.timer2_fall" option="board.icu.common.irq.disabled"/>
    <node id="board.icu.eptpc.timer3_fall" option="board.icu.common.irq.disabled"/>
    <node id="board.icu.eptpc.timer4_fall" option="board.icu.common.irq.disabled"/>
    <node id="board.icu.eptpc.timer5_fall" option="board.icu.common.irq.disabled"/>
    <node id="board.icu.fcu.fiferr" option="board.icu.common.irq.disabled"/>
    <node id="board.icu.fcu.frdyi" option="board.icu.common.irq.disabled"/>
    <node id="board.icu.glcdc.line_detect" option="board.icu.common.irq.priority3"/>
    <node id="board.icu.glcdc.underflow_1" option="board.icu.common.irq.disabled"/>
    <node id="board.icu.glcdc.underflow_2" option="board.icu.common.irq.disabled"/>
    <node id="board.icu.gpt.gpt0.capture_compare_a" option="board.icu.common.irq.disabled"/>
    <node id="board.icu.gpt.gpt0.capture_compare_b" option="board.icu.common.irq.disabled"/>
    <node id="board.icu.gpt.gpt0.compare_c" option="board.icu.common.irq.disabled"/>
    <node id="board.icu.gpt.gpt0.compare_d" option="board.icu.common.irq.disabled"/>
    <node id="board.icu.gpt.gpt0.compare_e" option="board.icu.common.irq.disabled"/>
    <node id="board.icu.gpt.gpt0.compare_f" option="board.icu.common.irq.disabled"/>
    <node id="board.icu.gpt.gpt0.counter_overflow" option="board.icu.common.irq.priority3"/>
    <node id="board.icu.gpt.gpt0.counter_underflow" option="board.icu.common.irq.disabled"/>
    <node id="board.icu.gpt.gpt0.ad_trig_a" option="board.icu.common.irq.disabled"/>
    <node id="board.icu.gpt.gpt0.ad_trig_b" option="board.icu.common.irq.disabled"/>
    <node id="board.icu.gpt.gpt1.capture_compare_a" option="board.icu.common.irq.disabled"/>
    <node id="board.icu.gpt.gpt1.capture_compare_b" option="board.icu.common.irq.disabled"/>
    <node id="board.icu.gpt.gpt1.compare_c" option="board.icu.common.irq.disabled"/>
    <node id="board.icu.gpt.gpt1.compare_d" option="board.icu.common.irq.disabled"/>
    <node id="board.icu.gpt.gpt1.compare_e" option="board.icu.common.irq.disabled"/>
    <node id="board.icu.gpt.gpt1.compare_f" option="board.icu.common.irq.disabled"/>
    <node id="board.icu.gpt.gpt1.counter_overflow" option="board.icu.common.irq.disabled"/>
    <node id="board.icu.gpt.gpt1.counter_underflow" option="board.icu.common.irq.disabled"/>
    <node id="board.icu.gpt.gpt1.ad_trig_a" option="board.icu.common.irq.disabled"/>
    <node id="board.icu.gpt.gpt1.ad_trig_b" option="board.icu.common.irq.disabled"/>
    <node id="board.icu.gpt.gpt2.capture_compare_a" option="board.icu.common.irq.disabled"/>
    <node id="board.icu.gpt.gpt2.capture_compare_b" option="board.icu.common.irq.disabled"/>
    <node id="board.icu.gpt.gpt2.compare_c" option="board.icu.common.irq.disabled"/>
    <node id="board.icu.gpt.gpt2.compare_d" option="board.icu.common.irq.disabled"/>
    <node id="board.icu.gpt.gpt2.compare_e" option="board.icu.common.irq.disabled"/>
    <node id="board.icu.gpt.gpt2.compare_f" option="board.icu.common.irq.disabled"/>
    <node id="board.icu.gpt.gpt2.counter_overflow" option="board.icu.common.irq.disabled"/>
    <node id="board.icu.gpt.gpt2.counter_underflow" option="board.icu.common.irq.disabled"/>
    <node id="board.icu.gpt.gpt2.ad_trig_a" option="board.icu.common.irq.disabled"/>
    <node id="board.icu.gpt.gpt2.ad_trig_b" option="board.icu.common.irq.disabled"/>
    <node id="board.icu.gpt.gpt3.capture_compare_a" option="board.icu.common.irq.disabled"/>
    <node id="board.icu.gpt.gpt3.capture_compare_b" option="board.icu.common.irq.disabled"/>
    <node id="board.icu.gpt.gpt3.compare_c" option="board.icu.common.irq.disabled"/>
    <node id="board.icu.gpt.gpt3.compare_d" option="board.icu.common.irq.disabled"/>
    <node id="board.icu.gpt.gpt3.compare_e" option="board.icu.common.irq.disabled"/>
    <node id="board.icu.gpt.gpt3.compare_f" option="board.icu.common.irq.disabled"/>
    <node id="board.icu.gpt.gpt3.counter_overflow" option="board.icu.common.irq.disabled"/>
    <node id="board.icu.gpt.gpt3.counter_underflow" option="board.icu.common.irq.disabled"/>
    <node id="board.icu.gpt.gpt3.ad_trig_a" option="board.icu.common.irq.disabled"/>
    <node id="board.icu.gpt.gpt3.ad_trig_b" option="board.icu.common.irq.disabled"/>
    <node id="board.icu.gpt.gpt4.capture_compare_a" option="board.icu.common.irq.disabled"/>
    <node id="board.icu.gpt.gpt4.capture_compare_b" option="board.icu.common.irq.disabled"/>
    <node id="board.icu.gpt.gpt4.compare_c" option="board.icu.common.irq.disabled"/>
    <node id="board.icu.gpt.gpt4.compare_d" option="board.icu.common.irq.disabled"/>
    <node id="board.icu.gpt.gpt4.compare_e" option="board.icu.common.irq.disabled"/>
    <node id="board.icu.gpt.gpt4.compare_f" option="board.icu.common.irq.disabled"/>
    <node id="board.icu.gpt.gpt4.counter_overflow" option="board.icu.common.irq.disabled"/>
    <node id="board.icu.gpt.gpt4.counter_underflow" option="board.icu.common.irq.disabled"/>
    <node id="board.icu.gpt.gpt4.ad_trig_a" option="board.icu.common.irq.disabled"/>
    <node id="board.icu.gpt.gpt4.ad_trig_b" option="board.icu.common.irq.disabled"/>
    <node id="board.icu.gpt.gpt5.capture_compare_a" option="board.icu.common.irq.disabled"/>
    <node id="board.icu.gpt.gpt5.capture_compare_b" option="board.icu.common.irq.disabled"/>
    <node id="board.icu.gpt.gpt5.compare_c" option="board.icu.common.irq.disabled"/>
    <node id="board.icu.gpt.gpt5.compare_d" option="board.icu.common.irq.disabled"/>
    <node id="board.icu.gpt.gpt5.compare_e" option="board.icu.common.irq.disabled"/>
    <node id="board.icu.gpt.gpt5.compare_f" option="board.icu.common.irq.disabled"/>
    <node id="board.icu.gpt.gpt5.counter_overflow" option="board.icu.common.irq.disabled"/>
    <node id="board.icu.gpt.gpt5.counter_underflow" option="board.icu.common.irq.disabled"/>
    <node id="board.icu.gpt.gpt5.ad_trig_a" option="board.icu.common.irq.disabled"/>
    <node id="board.icu.gpt.gpt5.ad_trig_b" option="board.icu.common.irq.disabled"/>
    <node id="board.icu.gpt.gpt6.capture_compare_a" option="board.icu.common.irq.disabled"/>
    <node id="board.icu.gpt.gpt6.capture_compare_b" option="board.icu.common.irq.disabled"/>
    <node id="board.icu.gpt.gpt6.compare_c" option="board.icu.common.irq.disabled"/>
    <node id="board.icu.gpt.gpt6.compare_d" option="board.icu.common.irq.disabled"/>
    <node id="board.icu.gpt.gpt6.compare_e" option="board.icu.common.irq.disabled"/>
    <node id="board.icu.gpt.gpt6.compare_f" option="board.icu.common.irq.disabled"/>
    <node id="board.icu.gpt.gpt6.counter_overflow" option="board.icu.common.irq.disabled"/>
    <node id="board.icu.gpt.gpt6.counter_underflow" option="board.icu.common.irq.disabled"/>
    <node id="board.icu.gpt.gpt6.ad_trig_a" option="board.icu.common.irq.disabled"/>
    <node id="board.icu.gpt.gpt6.ad_trig_b" option="board.icu.common.irq.disabled"/>
    <node id="board.icu.gpt.gpt7.capture_compare_a" option="board.icu.common.irq.disabled"/>
    <node id="board.icu.gpt.gpt7.capture_compare_b" option="board.icu.common.irq.disabled"/>
    <node id="board.icu.gpt.gpt7.compare_c" option="board.icu.common.irq.disabled"/>
    <node id="board.icu.gpt.gpt7.compare_d" option="board.icu.common.irq.disabled"/>
    <node id="board.icu.gpt.gpt7.compare_e" option="board.icu.common.irq.disabled"/>
    <node id="board.icu.gpt.gpt7.compare_f" option="board.icu.common.irq.disabled"/>
    <node id="board.icu.gpt.gpt7.counter_overflow" option="board.icu.common.irq.disabled"/>
    <node id="board.icu.gpt.gpt7.counter_underflow" option="board.icu.common.irq.disabled"/>
    <node id="board.icu.gpt.gpt7.ad_trig_a" option="board.icu.common.irq.disabled"/>
    <node id="board.icu.gpt.gpt7.ad_trig_b" option="board.icu.common.irq.disabled"/>
    <node id="board.icu.gpt.gpt8.capture_compare_a" option="board.icu.common.irq.disabled"/>
    <node id="board.icu.gpt.gpt8.capture_compare_b" option="board.icu.common.irq.disabled"/>
    <node id="board.icu.gpt.gpt8.compare_c" option="board.icu.common.irq.disabled"/>
    <node id="board.icu.gpt.gpt8.compare_d" option="board.icu.common.irq.disabled"/>
    <node id="board.icu.gpt.gpt8.compare_e" option="board.icu.common.irq.disabled"/>
    <node id="board.icu.gpt.gpt8.compare_f" option="board.icu.common.irq.disabled"/>
    <node id="board.icu.gpt.gpt8.counter_overflow" option="board.icu.common.irq.disabled"/>
    <node id="board.icu.gpt.gpt8.counter_underflow" option="board.icu.common.irq.disabled"/>
    <node id="board.icu.gpt.gpt9.capture_compare_a" option="board.icu.common.irq.disabled"/>
    <node id="board.icu.gpt.gpt9.capture_compare_b" option="board.icu.common.irq.disabled"/>
    <node id="board.icu.gpt.gpt9.compare_c" option="board.icu.common.irq.disabled"/>
    <node id="board.icu.gpt.gpt9.compare_d" option="board.icu.common.irq.disabled"/>
    <node id="board.icu.gpt.gpt9.compare_e" option="board.icu.common.irq.disabled"/>
    <node id="board.icu.gpt.gpt9.compare_f" option="board.icu.common.irq.disabled"/>
    <node id="board.icu.gpt.gpt9.counter_overflow" option="board.icu.common.irq.disabled"/>
    <node id="board.icu.gpt.gpt9.counter_underflow" option="board.icu.common.irq.disabled"/>
    <node id="board.icu.gpt.gpt10.capture_compare_a" option="board.icu.common.irq.disabled"/>
    <node id="board.icu.gpt.gpt10.capture_compare_b" option="board.icu.common.irq.disabled"/>
    <node id="board.icu.gpt.gpt10.compare_c" option="board.icu.common.irq.disabled"/>
    <node id="board.icu.gpt.gpt10.compare_d" option="board.icu.common.irq.disabled"/>
    <node id="board.icu.gpt.gpt10.compare_e" option="board.icu.common.irq.disabled"/>
    <node id="board.icu.gpt.gpt10.compare_f" option="board.icu.common.irq.disabled"/>
    <node id="board.icu.gpt.gpt10.counter_overflow" option="board.icu.common.irq.disabled"/>
    <node id="board.icu.gpt.gpt10.counter_underflow" option="board.icu.common.irq.disabled"/>
    <node id="board.icu.gpt.gpt11.capture_compare_a" option="board.icu.common.irq.disabled"/>
    <node id="board.icu.gpt.gpt11.capture_compare_b" option="board.icu.common.irq.disabled"/>
    <node id="board.icu.gpt.gpt11.compare_c" option="board.icu.common.irq.disabled"/>
    <node id="board.icu.gpt.gpt11.compare_d" option="board.icu.common.irq.disabled"/>
    <node id="board.icu.gpt.gpt11.compare_e" option="board.icu.common.irq.disabled"/>
    <node id="board.icu.gpt.gpt11.compare_f" option="board.icu.common.irq.disabled"/>
    <node id="board.icu.gpt.gpt11.counter_overflow" option="board.icu.common.irq.disabled"/>
    <node id="board.icu.gpt.gpt11.counter_underflow" option="board.icu.common.irq.disabled"/>
    <node id="board.icu.gpt.gpt12.capture_compare_a" option="board.icu.common.irq.disabled"/>
    <node id="board.icu.gpt.gpt12.capture_compare_b" option="board.icu.common.irq.disabled"/>
    <node id="board.icu.gpt.gpt12.compare_c" option="board.icu.common.irq.disabled"/>
    <node id="board.icu.gpt.gpt12.compare_d" option="board.icu.common.irq.disabled"/>
    <node id="board.icu.gpt.gpt12.compare_e" option="board.icu.common.irq.disabled"/>
    <node id="board.icu.gpt.gpt12.compare_f" option="board.icu.common.irq.disabled"/>
    <node id="board.icu.gpt.gpt12.counter_overflow" option="board.icu.common.irq.disabled"/>
    <node id="board.icu.gpt.gpt12.counter_underflow" option="board.icu.common.irq.disabled"/>
    <node id="board.icu.gpt.gpt13.capture_compare_a" option="board.icu.common.irq.disabled"/>
    <node id="board.icu.gpt.gpt13.capture_compare_b" option="board.icu.common.irq.disabled"/>
    <node id="board.icu.gpt.gpt13.compare_c" option="board.icu.common.irq.disabled"/>
    <node id="board.icu.gpt.gpt13.compare_d" option="board.icu.common.irq.disabled"/>
    <node id="board.icu.gpt.gpt13.compare_e" option="board.icu.common.irq.disabled"/>
    <node id="board.icu.gpt.gpt13.compare_f" option="board.icu.common.irq.disabled"/>
    <node id="board.icu.gpt.gpt13.counter_overflow" option="board.icu.common.irq.disabled"/>
    <node id="board.icu.gpt.gpt13.counter_underflow" option="board.icu.common.irq.disabled"/>
    <node id="board.icu.icu.irq0" option="board.icu.common.irq.disabled"/>
    <node id="board.icu.icu.irq1" option="board.icu.common.irq.disabled"/>
    <node id="board.icu.icu.irq2" option="board.icu.common.irq.disabled"/>
    <node id="board.icu.icu.irq3" option="board.icu.common.irq.disabled"/>
    <node id="board.icu.icu.irq4" option="board.icu.common.irq.priority4"/>
    <node id="board.icu.icu.irq5" option="board.icu.common.irq.disabled"/>
    <node id="board.icu.icu.irq6" option="board.icu.common.irq.disabled"/>
    <node id="board.icu.icu.irq7" option="board.icu.common.irq.disabled"/>
    <node id="board.icu.icu.irq8" option="board.icu.common.irq.disabled"/>
    <node id="board.icu.icu.irq9" option="board.icu.common.irq.priority3"/>
    <node id="board.icu.icu.irq10" option="board.icu.common.irq.disabled"/>
    <node id="board.icu.icu.irq11" option="board.icu.common.irq.disabled"/>
    <node id="board.icu.icu.irq12" option="board.icu.common.irq.disabled"/>
    <node id="board.icu.icu.irq13" option="board.icu.common.irq.disabled"/>
    <node id="board.icu.icu.irq14" option="board.icu.common.irq.priority3"/>
    <node id="board.icu.icu.irq15" option="board.icu.common.irq.disabled"/>
    <node id="board.icu.icu.snooze_cancel" option="board.icu.common.irq.disabled"/>
    <node id="board.icu.iic.iic0.rxi" option="board.icu.common.irq.disabled"/>
    <node id="board.icu.iic.iic0.txi" option="board.icu.common.irq.disabled"/>
    <node id="board.icu.iic.iic0.tei" option="board.icu.common.irq.disabled"/>
    <node id="board.icu.iic.iic0.eri" option="board.icu.common.irq.disabled"/>
    <node id="board.icu.iic.iic0.wui" option="board.icu.common.irq.disabled"/>
    <node id="board.icu.iic.iic1.rxi" option="board.icu.common.irq.disabled"/>
    <node id="board.icu.iic.iic1.txi" option="board.icu.common.irq.disabled"/>
    <node id="board.icu.iic.iic1.tei" option="board.icu.common.irq.disabled"/>
    <node id="board.icu.iic.iic1.eri" option="board.icu.common.irq.disabled"/>
    <node id="board.icu.iic.iic2.rxi" option="board.icu.common.irq.priority3"/>
    <node id="board.icu.iic.iic2.txi" option="board.icu.common.irq.priority3"/>
    <node id="board.icu.iic.iic2.tei" option="board.icu.common.irq.priority3"/>
    <node id="board.icu.iic.iic2.eri" option="board.icu.common.irq.priority3"/>
    <node id="board.icu.ioport.event_1" option="board.icu.common.irq.disabled"/>
    <node id="board.icu.ioport.event_2" option="board.icu.common.irq.disabled"/>
    <node id="board.icu.ioport.event_3" option="board.icu.common.irq.disabled"/>
    <node id="board.icu.ioport.event_4" option="board.icu.common.irq.disabled"/>
    <node id="board.icu.iwdt.underflow" option="board.icu.common.irq.disabled"/>
    <node id="board.icu.jpeg.jedi" option="board.icu.common.irq.priority4"/>
    <node id="board.icu.jpeg.jdti" option="board.icu.common.irq.priority4"/>
    <node id="board.icu.key.int" option="board.icu.common.irq.disabled"/>
    <node id="board.icu.lpm.snooze_request" option="board.icu.common.irq.disabled"/>
    <node id="board.icu.lvd.lvd1" option="board.icu.common.irq.disabled"/>
    <node id="board.icu.lvd.lvd2" option="board.icu.common.irq.disabled"/>
    <node id="board.icu.ops.uvw_edge" option="board.icu.common.irq.disabled"/>
    <node id="board.icu.pdc.receive_data_ready" option="board.icu.common.irq.disabled"/>
    <node id="board.icu.pdc.frame_end" option="board.icu.common.irq.disabled"/>
    <node id="board.icu.pdc.int" option="board.icu.common.irq.disabled"/>
    <node id="board.icu.poeg.poeg0.event" option="board.icu.common.irq.disabled"/>
    <node id="board.icu.poeg.poeg1.event" option="board.icu.common.irq.disabled"/>
    <node id="board.icu.poeg.poeg2.event" option="board.icu.common.irq.disabled"/>
    <node id="board.icu.poeg.poeg3.event" option="board.icu.common.irq.disabled"/>
    <node id="board.icu.qspi.int" option="board.icu.common.irq.disabled"/>
    <node id="board.icu.rtc.alarm" option="board.icu.common.irq.disabled"/>
    <node id="board.icu.rtc.period" option="board.icu.common.irq.disabled"/>
    <node id="board.icu.rtc.carry" option="board.icu.common.irq.disabled"/>
    <node id="board.icu.sce.proc_busy" option="board.icu.common.irq.disabled"/>
    <node id="board.icu.sce.romok" option="board.icu.common.irq.disabled"/>
    <node id="board.icu.sce.long_plg" option="board.icu.common.irq.disabled"/>
    <node id="board.icu.sce.test_busy" option="board.icu.common.irq.disabled"/>
    <node id="board.icu.sce.wrrdy_0" option="board.icu.common.irq.disabled"/>
    <node id="board.icu.sce.wrrdy_1" option="board.icu.common.irq.disabled"/>
    <node id="board.icu.sce.wrrdy_4" option="board.icu.common.irq.disabled"/>
    <node id="board.icu.sce.rdrdy_0" option="board.icu.common.irq.disabled"/>
    <node id="board.icu.sce.rdrdy_1" option="board.icu.common.irq.disabled"/>
    <node id="board.icu.sce.integrate_wrrdy" option="board.icu.common.irq.disabled"/>
    <node id="board.icu.sce.integrate_rdrdy" option="board.icu.common.irq.disabled"/>
    <node id="board.icu.sci.sci0.rxi" option="board.icu.common.irq.priority3"/>
    <node id="board.icu.sci.sci0.txi" option="board.icu.common.irq.priority3"/>
    <node id="board.icu.sci.sci0.tei" option="board.icu.common.irq.priority3"/>
    <node id="board.icu.sci.sci0.eri" option="board.icu.common.irq.priority3"/>
    <node id="board.icu.sci.sci0.am" option="board.icu.common.irq.disabled"/>
    <node id="board.icu.sci.sci0.rxi_or_eri" option="board.icu.common.irq.disabled"/>
    <node id="board.icu.sci.sci1.rxi" option="board.icu.common.irq.disabled"/>
    <node id="board.icu.sci.sci1.txi" option="board.icu.common.irq.disabled"/>
    <node id="board.icu.sci.sci1.tei" option="board.icu.common.irq.disabled"/>
    <node id="board.icu.sci.sci1.eri" option="board.icu.common.irq.disabled"/>
    <node id="board.icu.sci.sci1.am" option="board.icu.common.irq.disabled"/>
    <node id="board.icu.sci.sci2.rxi" option="board.icu.common.irq.disabled"/>
    <node id="board.icu.sci.sci2.txi" option="board.icu.common.irq.disabled"/>
    <node id="board.icu.sci.sci2.tei" option="board.icu.common.irq.disabled"/>
    <node id="board.icu.sci.sci2.eri" option="board.icu.common.irq.disabled"/>
    <node id="board.icu.sci.sci2.am" option="board.icu.common.irq.disabled"/>
    <node id="board.icu.sci.sci3.rxi" option="board.icu.common.irq.disabled"/>
    <node id="board.icu.sci.sci3.txi" option="board.icu.common.irq.disabled"/>
    <node id="board.icu.sci.sci3.tei" option="board.icu.common.irq.disabled"/>
    <node id="board.icu.sci.sci3.eri" option="board.icu.common.irq.disabled"/>
    <node id="board.icu.sci.sci3.am" option="board.icu.common.irq.disabled"/>
    <node id="board.icu.sci.sci4.rxi" option="board.icu.common.irq.disabled"/>
    <node id="board.icu.sci.sci4.txi" option="board.icu.common.irq.disabled"/>
    <node id="board.icu.sci.sci4.tei" option="board.icu.common.irq.disabled"/>
    <node id="board.icu.sci.sci4.eri" option="board.icu.common.irq.disabled"/>
    <node id="board.icu.sci.sci4.am" option="board.icu.common.irq.disabled"/>
    <node id="board.icu.sci.sci5.rxi" option="board.icu.common.irq.disabled"/>
    <node id="board.icu.sci.sci5.txi" option="board.icu.common.irq.disabled"/>
    <node id="board.icu.sci.sci5.tei" option="board.icu.common.irq.disabled"/>
    <node id="board.icu.sci.sci5.eri" option="board.icu.common.irq.disabled"/>
    <node id="board.icu.sci.sci5.am" option="board.icu.common.irq.disabled"/>
    <node id="board.icu.sci.sci6.rxi" option="board.icu.common.irq.disabled"/>
    <node id="board.icu.sci.sci6.txi" option="board.icu.common.irq.disabled"/>
    <node id="board.icu.sci.sci6.tei" option="board.icu.common.irq.disabled"/>
    <node id="board.icu.sci.sci6.eri" option="board.icu.common.irq.disabled"/>
    <node id="board.icu.sci.sci6.am" option="board.icu.common.irq.disabled"/>
    <node id="board.icu.sci.sci7.rxi" option="board.icu.common.irq.disabled"/>
    <node id="board.icu.sci.sci7.txi" option="board.icu.common.irq.disabled"/>
    <node id="board.icu.sci.sci7.tei" option="board.icu.common.irq.disabled"/>
    <node id="board.icu.sci.sci7.eri" option="board.icu.common.irq.disabled"/>
    <node id="board.icu.sci.sci7.am" option="board.icu.common.irq.disabled"/>
    <node id="board.icu.sci.sci8.rxi" option="board.icu.common.irq.disabled"/>
    <node id="board.icu.sci.sci8.txi" option="board.icu.common.irq.disabled"/>
    <node id="board.icu.sci.sci8.tei" option="board.icu.common.irq.disabled"/>
    <node id="board.icu.sci.sci8.eri" option="board.icu.common.irq.disabled"/>
    <node id="board.icu.sci.sci8.am" option="board.icu.common.irq.disabled"/>
    <node id="board.icu.sci.sci9.rxi" option="board.icu.common.irq.disabled"/>
    <node id="board.icu.sci.sci9.txi" option="board.icu.common.irq.disabled"/>
    <node id="board.icu.sci.sci9.tei" option="board.icu.common.irq.disabled"/>
    <node id="board.icu.sci.sci9.eri" option="board.icu.common.irq.disabled"/>
    <node id="board.icu.sci.sci9.am" option="board.icu.common.irq.disabled"/>
    <node id="board.icu.sdhimmc.sdhimmc0.accs" option="board.icu.common.irq.disabled"/>
    <node id="board.icu.sdhimmc.sdhimmc0.sdio" option="board.icu.common.irq.disabled"/>
    <node id="board.icu.sdhimmc.sdhimmc0.card" option="board.icu.common.irq.disabled"/>
    <node id="board.icu.sdhimmc.sdhimmc0.dma_req" option="board.icu.common.irq.disabled"/>
    <node id="board.icu.sdhimmc.sdhimmc1.accs" option="board.icu.common.irq.disabled"/>
    <node id="board.icu.sdhimmc.sdhimmc1.sdio" option="board.icu.common.irq.disabled"/>
    <node id="board.icu.sdhimmc.sdhimmc1.card" option="board.icu.common.irq.disabled"/>
    <node id="board.icu.sdhimmc.sdhimmc1.dma_req" option="board.icu.common.irq.disabled"/>
    <node id="board.icu.spi.spi0.rxi" option="board.icu.common.irq.priority3"/>
    <node id="board.icu.spi.spi0.txi" option="board.icu.common.irq.priority3"/>
    <node id="board.icu.spi.spi0.idle" option="board.icu.common.irq.priority3"/>
    <node id="board.icu.spi.spi0.eri" option="board.icu.common.irq.priority3"/>
    <node id="board.icu.spi.spi0.tei" option="board.icu.common.irq.disabled"/>
    <node id="board.icu.spi.spi1.rxi" option="board.icu.common.irq.disabled"/>
    <node id="board.icu.spi.spi1.txi" option="board.icu.common.irq.disabled"/>
    <node id="board.icu.spi.spi1.idle" option="board.icu.common.irq.disabled"/>
    <node id="board.icu.spi.spi1.eri" option="board.icu.common.irq.disabled"/>
    <node id="board.icu.spi.spi1.tei" option="board.icu.common.irq.disabled"/>
    <node id="board.icu.src.input_fifo_empty" option="board.icu.common.irq.disabled"/>
    <node id="board.icu.src.output_fifo_full" option="board.icu.common.irq.disabled"/>
    <node id="board.icu.src.output_fifo_overflow" option="board.icu.common.irq.disabled"/>
    <node id="board.icu.src.output_fifo_underflow" option="board.icu.common.irq.disabled"/>
    <node id="board.icu.src.conversion_end" option="board.icu.common.irq.disabled"/>
    <node id="board.icu.ssi.ssi0.txi" option="board.icu.common.irq.disabled"/>
    <node id="board.icu.ssi.ssi0.rxi" option="board.icu.common.irq.disabled"/>
    <node id="board.icu.ssi.ssi0.int" option="board.icu.common.irq.disabled"/>
    <node id="board.icu.ssi.ssi1.txi_rxi" option="board.icu.common.irq.disabled"/>
    <node id="board.icu.ssi.ssi1.int" option="board.icu.common.irq.disabled"/>
    <node id="board.icu.usbfs.fifo_0" option="board.icu.common.irq.disabled"/>
    <node id="board.icu.usbfs.fifo_1" option="board.icu.common.irq.disabled"/>
    <node id="board.icu.usbfs.int" option="board.icu.common.irq.priority4"/>
    <node id="board.icu.usbfs.resume" option="board.icu.common.irq.disabled"/>
    <node id="board.icu.usbhs.fifo_0" option="board.icu.common.irq.disabled"/>
    <node id="board.icu.usbhs.fifo_1" option="board.icu.common.irq.disabled"/>
    <node id="board.icu.usbhs.usb_int_resume" option="board.icu.common.irq.priority4"/>
    <node id="board.icu.wdt.underflow" option="board.icu.common.irq.disabled"/>
  </synergyIcuConfiguration>
  <synergyMessagingConfiguration/>
  <synergyModuleConfiguration>
    <module id="module.driver.cgc_on_cgc.604257942">
      <property id="module.driver.cgc.name" value="g_cgc"/>
    </module>
    <module id="module.driver.elc_on_elc.2091011796">
      <property id="module.driver.elc.name" value="g_elc"/>
    </module>
    <module id="module.driver.ioport_on_ioport.1477687969">
      <property id="module.driver.ioport.name" value="g_ioport"/>
    </module>
    <module id="module.el.nx.742744644">
      <property id="module.el.nx.name" value="g_nx0"/>
    </module>
    <module id="module.framework.sf_message.251908562">
      <property id="module.framework.sf_message.name" value="g_sf_message"/>
      <property id="module.framework.sf_message.work_memory_size" value="2048"/>
      <property id="module.framework.sf_message.pp_subscriber_lists" value="p_subscriber_lists"/>
      <property id="module.framework.sf_message.p_blk_pool_name" value="sf_msg_blk_pool"/>
    </module>
    <module id="module.framework.sf_external_irq_on_sf_external_irq.1109713159">
      <property id="module.framework.sf_external_irq.name" value="g_sf_external_irq"/>
      <property id="module.framework.sf_external_irq.event" value="module.framework.sf_external_irq.event.button_event_semaphore_put"/>
    </module>
    <module id="module.driver.external_irq_on_icu.514164579">
      <property id="module.driver.external_irq.name" value="g_external_irq"/>
      <property id="module.driver.external_irq.channel" value="9"/>
      <property id="module.driver.external_irq.trigger" value="module.driver.external_irq.trigger.trig_falling"/>
      <property id="module.driver.external_irq.filter_enable" value="module.driver.external_irq.filter_enable.true"/>
      <property id="module.driver.external_irq.pclk_div" value="module.driver.external_irq.pclk_div.pclk_div_by_64"/>
      <property id="module.driver.external_irq.interrupt_enable" value="module.driver.external_irq.interrupt_enable.true"/>
      <property id="module.driver.external_irq.p_callback" value="NULL"/>
    </module>
    <module id="module.driver.i2c_on_riic.2069712793">
      <property id="module.driver.i2c.name" value="g_i2c"/>
      <property id="module.driver.i2c.channel" value="2"/>
      <property id="module.driver.i2c.rate" value="module.driver.i2c.rate.rate_standard"/>
      <property id="module.driver.i2c.slave" value="0x48"/>
      <property id="module.driver.i2c.addr_mode" value="module.driver.i2c.addr_mode.addr_mode_7bit"/>
      <property id="module.driver.i2c.p_callback" value="NULL"/>
    </module>
    <module id="module.driver.i2c_on_sci_i2c.230213368">
      <property id="module.driver.i2c.name" value="pmodB"/>
      <property id="module.driver.i2c.channel" value="0"/>
      <property id="module.driver.i2c.rate" value="module.driver.i2c.rate.rate_standard"/>
      <property id="module.driver.i2c.slave" value="0x43"/>
      <property id="module.driver.i2c.addr_mode" value="module.driver.i2c.addr_mode.addr_mode_7bit"/>
      <property id="module.driver.i2c.sda_delay" value="900"/>
      <property id="module.driver.i2c.p_callback" value="NULL"/>
    </module>
    <module id="module.driver.sci_common.787967410"/>
    <module id="module.driver.timer_on_gpt.871577315">
      <property id="module.driver.timer.name" value="g_audio_timer"/>
      <property id="module.driver.timer.channel" value="0"/>
      <property id="module.driver.timer.mode" value="module.driver.timer.mode.mode_periodic"/>
      <property id="module.driver.timer.period" value="5063"/>
      <property id="module.driver.timer.unit" value="module.driver.timer.unit.unit_period_msec"/>
      <property id="module.driver.timer.duty_cycle" value="50"/>
      <property id="module.driver.timer.duty_cycle_unit" value="module.driver.timer.duty_cycle_unit.unit_percent"/>
      <property id="module.driver.timer.autostart" value="module.driver.timer.autostart.true"/>
      <property id="module.driver.timer.gtioca_output_enabled" value="module.driver.timer.gtioca_output_enabled.false"/>
      <property id="module.driver.timer.gtioca_stop_level" value="module.driver.timer.gtioca_stop_level.pin_level_low"/>
      <property id="module.driver.timer.gtiocb_output_enabled" value="module.driver.timer.gtiocb_output_enabled.false"/>
      <property id="module.driver.timer.gtiocb_stop_level" value="module.driver.timer.gtiocb_stop_level.pin_level_low"/>
      <property id="module.driver.timer.p_callback" value="NULL"/>
    </module>
    <module id="module.driver.external_irq_on_icu.1370081888">
      <property id="module.driver.external_irq.name" value="g_external_irq_pmoda"/>
      <property id="module.driver.external_irq.channel" value="4"/>
      <property id="module.driver.external_irq.trigger" value="module.driver.external_irq.trigger.trig_rising"/>
      <property id="module.driver.external_irq.filter_enable" value="module.driver.external_irq.filter_enable.false"/>
      <property id="module.driver.external_irq.pclk_div" value="module.driver.external_irq.pclk_div.pclk_div_by_64"/>
      <property id="module.driver.external_irq.interrupt_enable" value="module.driver.external_irq.interrupt_enable.true"/>
      <property id="module.driver.external_irq.p_callback" value="NULL"/>
    </module>
    <module id="module.driver.spi_on_rspi.1287587807">
      <property id="module.driver.spi.name" value="g_spi0"/>
      <property id="module.driver.spi.channel" value="0"/>
      <property id="module.driver.spi.operating_mode" value="module.driver.spi.operating_mode.mode_master"/>
      <property id="module.driver.spi.clk_phase" value="module.driver.spi.clk_phase.clk_phase_edge_odd"/>
      <property id="module.driver.spi.clk_polarity" value="module.driver.spi.clk_polarity.clk_polarity_low"/>
      <property id="module.driver.spi.mode_fault" value="module.driver.spi.mode_fault.mode_fault_error_disable"/>
      <property id="module.driver.spi.bit_order" value="module.driver.spi.bit_order.bit_order_msb_first"/>
      <property id="module.driver.spi.bitrate" value="25000000"/>
      <property id="module.driver.spi.p_callback" value="NULL"/>
      <property id="module.driver.spi.rspi_clksyn" value="module.driver.spi.rspi_clksyn.spi_operation"/>
      <property id="module.driver.spi.rspi_comm" value="module.driver.spi.rspi_comm.full_duplex"/>
      <property id="module.driver.spi.sslp0" value="module.driver.spi.sslp0.low"/>
      <property id="module.driver.spi.sslp1" value="module.driver.spi.sslp1.low"/>
      <property id="module.driver.spi.sslp2" value="module.driver.spi.sslp2.low"/>
      <property id="module.driver.spi.sslp3" value="module.driver.spi.sslp3.low"/>
      <property id="module.driver.spi.looback1" value="module.driver.spi.looback1.normal"/>
      <property id="module.driver.spi.looback2" value="module.driver.spi.looback2.normal"/>
      <property id="module.driver.spi.mosi_idle_enable" value="module.driver.spi.mosi_idle_enable.disable"/>
      <property id="module.driver.spi.mosi_idle_value" value="module.driver.spi.mosi_idle_value.low"/>
      <property id="module.driver.spi.parity_enable" value="module.driver.spi.parity_enable.disable"/>
      <property id="module.driver.spi.parity_mode" value="module.driver.spi.parity_mode.odd"/>
      <property id="module.driver.spi.ssl_select" value="module.driver.spi.ssl_select.zero"/>
      <property id="module.driver.spi.ssl_level_keep" value="module.driver.spi.ssl_level_keep.not_keep"/>
      <property id="module.driver.spi.clock_delay_enable" value="module.driver.spi.clock_delay_enable.disable"/>
      <property id="module.driver.spi.clock_delay_val" value="module.driver.spi.clock_delay_val.one"/>
      <property id="module.driver.spi.rspi_ssl_neg_delay_state" value="module.driver.spi.rspi_ssl_neg_delay_state.disable"/>
      <property id="module.driver.spi.rspi_ssl_neg_delay_count" value="module.driver.spi.rspi_ssl_neg_delay_count.one"/>
      <property id="module.driver.spi.rspi_next_access_delay_state" value="module.driver.spi.rspi_next_access_delay_state.disable"/>
      <property id="module.driver.spi.rspi_next_access_delay_count" value="module.driver.spi.rspi_next_access_delay_count.one"/>
    </module>
    <module id="module.framework.sf_el_nx.466451302">
      <property id="module.framework.sf_el_nx.name" value="g_sf_el_nx"/>
      <property id="module.framework.sf_el_nx.channel" value="0"/>
    </module>
    <context id="_hal.0">
      <stack module="module.driver.elc_on_elc.2091011796"/>
      <stack module="module.driver.ioport_on_ioport.1477687969"/>
      <stack module="module.driver.cgc_on_cgc.604257942"/>
    </context>
    <context id="rtos.threadx.thread.603299762">
      <property id="_symbol" value="dweet_thread"/>
      <property id="rtos.threadx.thread.name" value="Dweet Thread"/>
      <property id="rtos.threadx.thread.stack" value="8192"/>
      <property id="rtos.threadx.thread.priority" value="1"/>
      <property id="rtos.threadx.thread.autostart" value="rtos.threadx.thread.autostart.disabled"/>
      <property id="rtos.threadx.thread.timeslice" value="1"/>
      <stack module="module.el.nx.742744644">
        <stack module="module.framework.sf_el_nx.466451302" requires="module.el.nx.requires.sf_el_nx"/>
      </stack>
    </context>
    <context id="rtos.threadx.thread.641298130">
      <property id="_symbol" value="devices_thread"/>
      <property id="rtos.threadx.thread.name" value="Devices Thread"/>
      <property id="rtos.threadx.thread.stack" value="8192"/>
      <property id="rtos.threadx.thread.priority" value="3"/>
      <property id="rtos.threadx.thread.autostart" value="rtos.threadx.thread.autostart.disabled"/>
      <property id="rtos.threadx.thread.timeslice" value="1"/>
      <stack module="module.driver.i2c_on_sci_i2c.230213368">
        <stack module="module.driver.sci_common.787967410" requires="module.driver.i2c_on_sci_i2c.requires.sci_common"/>
      </stack>
    </context>
    <config id="config.driver.sci_common">
      <property id="config.driver.sci_common.async" value="config.driver.sci_common.async.disabled"/>
      <property id="config.driver.sci_common.spi" value="config.driver.sci_common.spi.disabled"/>
      <property id="config.driver.sci_common.i2c" value="config.driver.sci_common.i2c.enabled"/>
    </config>
    <config id="config.framework.sf_message">
      <property id="config.framework.sf_message.param_checking_enable" value="config.framework.sf_message.param_checking_enable.bsp"/>
      <property id="config.framework.sf_message.queue_depth" value="16"/>
    </config>
    <config id="config.framework.sf_el_nx">
      <property id="config.framework.sf_el_nx.param_checking_enable" value="config.framework.sf_el_nx.param_checking_enable.bsp"/>
      <property id="config.framework.sf_el_nx.pin0" value="IOPORT_PORT_09_PIN_03"/>
      <property id="config.framework.sf_el_nx.mach0" value="0x00002E09"/>
      <property id="config.framework.sf_el_nx.macl0" value="0x0A0076C7"/>
      <property id="config.framework.sf_el_nx.pin1" value="IOPORT_PORT_08_PIN_06"/>
      <property id="config.framework.sf_el_nx.mach1" value="0x00002E09"/>
      <property id="config.framework.sf_el_nx.macl1" value="0x0A0076C8"/>
      <property id="config.framework.sf_el_nx.num_rx_desc" value="8"/>
      <property id="config.framework.sf_el_nx.num_tx_desc" value="32"/>
    </config>
    <config id="config.driver.cgc">
      <property id="config.driver.cgc.param_checking_enable" value="config.driver.cgc.param_checking_enable.bsp"/>
      <property id="config.driver.cgc.main_osc_wait" value="config.driver.cgc.main_osc_wait.wait_8163"/>
      <property id="config.driver.cgc.main_osc_clock_source" value="config.driver.cgc.main_osc_clock_source.crystal"/>
      <property id="config.driver.cgc.osc_stop_det_used" value="config.driver.cgc.osc_stop_det_used.enabled"/>
      <property id="config.driver.cgc.subclock_drive" value="config.driver.cgc.subclock_drive.standard"/>
    </config>
    <config id="config.driver.ioport">
      <property id="config.driver.ioport.checking" value="config.driver.ioport.checking.system"/>
    </config>
    <config id="config.threadx.thread"/>
    <config id="config.driver.sci_uart">
      <property id="config.driver.sci_uart.external_rts_operation" value="config.driver.sci_uart.external_rts_operation.disabled"/>
      <property id="config.driver.sci_uart.uart_rx_enable" value="config.driver.sci_uart.uart_rx_enable.enabled"/>
      <property id="config.driver.sci_uart.uart_tx_enable" value="config.driver.sci_uart.uart_tx_enable.enabled"/>
      <property id="config.driver.sci_uart.param_checking_enable" value="config.driver.sci_uart.param_checking_enable.bsp"/>
    </config>
    <config id="config.el.nx"/>
    <config id="config.driver.riic">
      <property id="config.driver.riic.param_checking_enable" value="config.driver.riic.param_checking_enable.bsp"/>
    </config>
    <config id="config.driver.sci_i2c">
      <property id="config.driver.sci_i2c.param_checking_enable" value="config.driver.sci_i2c.param_checking_enable.bsp"/>
    </config>
    <config id="config.driver.gpt">
      <property id="config.driver.gpt.param_checking_enable" value="config.driver.gpt.param_checking_enable.bsp"/>
    </config>
    <config id="config.driver.icu">
      <property id="config.driver.icu.param_checking_enable" value="config.driver.icu.param_checking_enable.bsp"/>
    </config>
    <config id="config.driver.fmi">
      <property id="config.driver.fmi.param_checking_enable" value="config.driver.fmi.param_checking_enable.bsp"/>
    </config>
    <config id="config.driver.elc">
      <property id="config.driver.elc.checking" value="config.driver.elc.checking.system"/>
    </config>
    <config id="config.framework.sf_external_irq">
      <property id="config.framework.sf_external_irq.param_checking_enable" value="config.framework.sf_external_irq.param_checking_enable.bsp"/>
    </config>
    <config id="config.driver.rspi">
      <property id="config.driver.rspi.param_checking_enable" value="config.driver.rspi.param_checking_enable.bsp"/>
    </config>
    <config id="config.driver.sci_spi">
      <property id="config.driver.sci_spi.param_checking_enable" value="config.driver.sci_spi.param_checking_enable.bsp"/>
    </config>
    <config id="config.driver.dtc">
      <property id="config.driver.dtc.param_checking_enable" value="config.driver.dtc.param_checking_enable.bsp"/>
    </config>
  </synergyModuleConfiguration>
  <synergyPinConfiguration>
    <pincfg active="true" name="S7G2-SK.pincfg" symbol="g_bsp_pin_cfg"/>
  </synergyPinConfiguration>
</synergyConfiguration>
